시도명,시군구명,종량제봉투종류,종량제봉투처리방식,종량제봉투용도,종량제봉투사용대상,1ℓ가격,1.5ℓ가격,2ℓ가격,2.5ℓ가격,3ℓ가격,5ℓ가격,10ℓ가격,20ℓ가격,30ℓ가격,50ℓ가격,60ℓ가격,75ℓ가격,100ℓ가격,120ℓ가격,125ℓ가격,관리부서명,관리부서전화번호,데이터기준일자,제공기관코드,제공기관명
경기도,광명시,규격봉투,소각용,생활쓰레기,가정용,40,0,60,0,90,140,260,500,0,1240,0,1850,0,0,0,자원순환과,02-2680-2251,2023-06-20,3900000,경기도 광명시
경상북도,울릉군,규격봉투,소각용,생활쓰레기,가정용,0,0,0,0,0,100,170,300,0,710,0,1060,0,0,0,환경위생과,054-790-6186,2023-06-16,5260000,경상북도 울릉군
부산광역시,사상구,규격봉투,매립용,생활쓰레기,기타,0,0,0,0,0,0,0,0,1280,0,0,0,0,0,0,청소행정과,051-310-4335,2024-07-15,3390000,부산광역시 사상구
충청북도,청주시,규격봉투,소각용,생활쓰레기,가정용,0,0,80,0,0,160,310,600,0,1450,0,2170,0,0,0,자원정책과,043-201-4666,2024-08-16,5710000,충청북도 청주시
충청북도,청주시,재사용규격봉투,소각용,생활쓰레기,가정용,0,0,0,0,0,0,310,600,880,0,0,0,0,0,0,자원정책과,043-201-4666,2024-08-16,5710000,충청북도 청주시
충청북도,청주시,특수규격마대,소각용,생활쓰레기,가정용,0,0,0,0,0,0,0,0,0,0,0,0,6500,0,0,자원정책과,043-201-4666,2024-08-16,5710000,충청북도 청주시
충청북도,청주시,특수규격마대,매립용,생활쓰레기,가정용,0,0,0,0,0,0,0,1300,0,3500,0,0,0,0,0,자원정책과,043-201-4666,2024-08-16,5710000,충청북도 청주시
경상북도,영양군,규격봉투,소각용,생활쓰레기,가정용,0,0,0,0,0,0,160,300,0,750,0,0,0,0,0,환경보전과,054-680-6522,2024-08-12,5170000,경상북도 영양군
경상북도,영양군,규격봉투,매립용,생활쓰레기,가정용,0,0,0,0,0,0,160,300,0,750,0,0,0,0,0,환경보전과,054-680-6522,2024-08-12,5170000,경상북도 영양군
경상북도,영양군,규격봉투,매립용,음식물쓰레기,가정용,0,0,0,0,50,80,160,300,0,0,0,0,0,0,0,환경보전과,054-680-6522,2024-08-12,5170000,경상북도 영양군
경상북도,영양군,재사용규격봉투,소각용,생활쓰레기,가정용,0,0,0,0,0,0,160,300,0,0,0,0,0,0,0,환경보전과,054-680-6522,2024-08-12,5170000,경상북도 영양군
인천광역시,강화군,규격봉투,소각용,생활쓰레기,가정용,0,0,0,0,0,160,310,620,0,1540,0,2780,0,0,0,환경위생과,032-930-3336,2024-08-13,3570000,인천광역시 강화군
인천광역시,강화군,규격봉투,매립용,생활쓰레기,가정용,0,0,0,0,0,160,310,620,0,1540,0,0,0,0,0,환경위생과,032-930-3336,2024-08-13,3570000,인천광역시 강화군
인천광역시,강화군,규격봉투,기타,음식물쓰레기,가정용,0,0,120,0,180,300,600,0,0,0,0,0,0,0,0,환경위생과,032-930-3336,2024-08-13,3570000,인천광역시 강화군
경상북도,안동시,규격봉투,소각용,생활쓰레기,가정용,0,0,0,0,0,80,150,300,0,720,0,1080,0,0,0,자원순환과,054-840-5291,2024-08-16,5070000,경상북도 안동시
경상북도,안동시,규격봉투,소각용,음식물쓰레기,가정용,0,0,0,0,70,120,230,460,0,0,0,0,0,0,0,자원순환과,054-840-5291,2024-08-16,5070000,경상북도 안동시
경상북도,안동시,재사용규격봉투,소각용,생활쓰레기,가정용,0,0,0,0,0,0,150,300,0,0,0,0,0,0,0,자원순환과,054-840-5291,2024-08-16,5070000,경상북도 안동시
경상북도,안동시,규격봉투,매립용,생활쓰레기,가정용,0,0,0,0,0,80,150,0,0,0,0,0,0,0,0,자원순환과,054-840-5291,2024-08-16,5070000,경상북도 안동시
경상북도,성주군,규격봉투,기타,생활쓰레기,가정용,0,0,0,0,0,80,150,300,440,720,0,1070,0,0,0,자원순환사업소,054-930-6193,2024-08-14,5210000,경상북도 성주군
전북특별자치도,남원시,규격봉투,매립용,생활쓰레기,가정용,0,0,0,0,0,80,160,280,410,700,0,0,1350,0,0,전북특별자치도 남원시 환경과,063-620-6244,2024-08-16,4701000,전북특별자치도 남원시
전북특별자치도,남원시,재사용규격봉투,매립용,생활쓰레기,가정용,0,0,0,0,0,80,160,280,410,700,0,0,1350,0,0,전북특별자치도 남원시 환경과,063-620-6244,2024-08-16,4701000,전북특별자치도 남원시
서울특별시,성동구,규격봉투,소각용,생활쓰레기,가정용,0,0,0,0,90,130,250,490,740,1250,0,0,0,0,0,청소행정과,02-2286-5528,2024-08-06,3030000,서울특별시 성동구
서울특별시,성동구,규격봉투,매립용,생활쓰레기,가정용,0,0,0,0,90,130,250,490,740,1250,0,0,0,0,0,청소행정과,02-2286-5528,2024-08-06,3030000,서울특별시 성동구
서울특별시,성동구,규격봉투,소각용,생활쓰레기,사업장용,0,0,0,0,0,0,0,520,780,1330,0,2000,0,0,0,청소행정과,02-2286-5528,2024-08-06,3030000,서울특별시 성동구
서울특별시,성동구,규격봉투,매립용,생활쓰레기,사업장용,0,0,0,0,0,0,0,520,780,1330,0,2000,0,0,0,청소행정과,02-2286-5528,2024-08-06,3030000,서울특별시 성동구
서울특별시,성동구,규격봉투,매립용,음식물쓰레기,가정용,100,0,190,0,300,500,0,0,0,0,0,0,0,0,0,청소행정과,02-2286-5528,2024-08-06,3030000,서울특별시 성동구
경기도,하남시,규격봉투,소각용,생활쓰레기,가정용,0,0,0,0,80,130,260,500,0,1240,0,1860,2470,0,0,자원순환과,031-790-5256,2023-06-27,4040000,경기도 하남시
부산광역시,중구,특수규격마대,매립용,생활쓰레기,가정용,0,0,0,0,0,0,0,0,1280,4490,0,6590,0,0,0,자원순환과,051-600-4434,2023-12-22,3250000,부산광역시 중구
충청남도,예산군,규격봉투,소각용,생활쓰레기,가정용,0,0,0,0,60,100,200,400,600,1000,0,1500,0,0,0,환경과,041-339-7522,2024-01-02,4610000,충청남도 예산군
경상남도,진주시,규격봉투,매립용,생활쓰레기,가정용,0,0,0,0,0,160,300,590,0,1430,0,2140,0,0,0,청소과,055-749-8705,2023-12-21,5310000,경상남도 진주시
경기도,동두천시,규격봉투,기타,음식물쓰레기,가정용,30,0,50,0,70,120,250,550,0,0,0,0,0,0,0,경기도 동두천시청 환경보호과,031-860-2100,2024-06-26,3920000,경기도 동두천시
경기도,과천시,규격봉투,소각용,생활쓰레기,가정용,0,0,60,0,70,120,230,440,0,1100,0,1650,0,0,0,자원위생과,02-3677-2416,2024-06-26,3970000,경기도 과천시
경기도,과천시,규격봉투,소각용,음식물쓰레기,가정용,30,0,60,0,70,120,230,440,0,1100,0,0,0,0,0,자원위생과,02-3677-2416,2024-06-26,3970000,경기도 과천시
경기도,과천시,재사용규격봉투,소각용,생활쓰레기,가정용,0,0,0,0,0,0,230,440,0,0,0,0,0,0,0,자원위생과,02-3677-2416,2024-06-26,3970000,경기도 과천시
충청남도,태안군,규격봉투,소각용,생활쓰레기,가정용,0,0,0,0,0,0,180,350,0,0,0,0,0,0,0,충청남도 태안군 환경산림과,041-670-2795,2024-07-03,4620000,충청남도 태안군
인천광역시,동구,규격봉투,소각용,생활쓰레기,가정용,0,0,0,0,0,160,310,620,0,1540,0,2780,0,0,0,자원순환과,032-770-6412,2024-07-04,3500000,인천광역시 동구
인천광역시,동구,규격봉투,소각용,음식물쓰레기,가정용,0,0,0,0,0,0,0,1290,0,0,0,0,0,0,0,자원순환과,032-770-6423,2024-07-04,3500000,인천광역시 동구
인천광역시,동구,규격봉투,소각용,생활쓰레기,가정용,0,0,0,0,0,0,0,0,0,2560,0,3470,0,0,0,자원순환과,032-770-6412,2024-07-04,3500000,인천광역시 동구
인천광역시,동구,특수규격마대,매립용,생활쓰레기,가정용,0,0,0,0,0,0,0,0,0,1400,0,0,0,0,0,자원순환과,032-770-6412,2024-07-04,3500000,인천광역시 동구
경상북도,구미시,규격봉투,소각용,생활쓰레기,가정용,0,0,0,0,0,150,300,600,0,1500,0,2250,0,0,0,자원순환과,054-480-5205,2024-06-22,5080000,경상북도 구미시
경상북도,구미시,특수규격마대,매립용,생활쓰레기,가정용,0,0,0,0,0,0,1000,0,0,0,0,0,0,0,0,자원순환과,054-480-5205,2024-06-22,5080000,경상북도 구미시
경상북도,구미시,재사용규격봉투,소각용,생활쓰레기,가정용,0,0,0,0,0,0,300,600,0,0,0,0,0,0,0,자원순환과,054-480-5205,2024-06-22,5080000,경상북도 구미시
경상북도,구미시,규격봉투,소각용,음식물쓰레기,가정용,0,0,0,0,0,0,0,1000,0,0,0,0,0,0,0,자원순환과,054-480-5205,2024-06-22,5080000,경상북도 구미시
경상남도,합천군,규격봉투,소각용,생활쓰레기,가정용,0,0,0,0,0,90,170,350,520,860,0,1320,0,0,0,환경위생과,055-930-3304,2024-07-08,5480000,경상남도 합천군
대구광역시,수성구,규격봉투,매립용,생활쓰레기,가정용,0,0,0,0,120,180,340,670,0,1660,0,2470,0,0,0,자원순환과,053-666-2716,2024-07-11,3460000,대구광역시 수성구
경상남도,거제시,재사용규격봉투,소각용,생활쓰레기,가정용,0,0,0,0,150,250,350,650,0,0,0,0,0,0,0,자원순환과,055-639-4813,2024-07-11,5370000,경상남도 거제시
경상남도,거제시,규격봉투,소각용,생활쓰레기,가정용,0,0,0,0,0,0,0,0,0,1800,0,2750,0,0,0,자원순환과,055-639-4813,2024-07-11,5370000,경상남도 거제시
서울특별시,송파구,규격봉투,소각용,생활쓰레기,가정용,0,0,0,0,90,130,250,490,0,1250,0,1880,0,0,0,청소행정과,02-2147-2840,2022-12-12,3230000,서울특별시 송파구
서울특별시,송파구,규격봉투,매립용,생활쓰레기,가정용,0,0,0,0,90,130,250,490,0,1250,0,1880,0,0,0,청소행정과,02-2147-2840,2022-12-12,3230000,서울특별시 송파구
서울특별시,송파구,재사용규격봉투,소각용,생활쓰레기,가정용,0,0,0,0,0,0,250,490,0,0,0,0,0,0,0,청소행정과,02-2147-2840,2022-12-12,3230000,서울특별시 송파구
서울특별시,송파구,재사용규격봉투,매립용,생활쓰레기,가정용,0,0,0,0,0,0,250,490,0,0,0,0,0,0,0,청소행정과,02-2147-2840,2022-12-12,3230000,서울특별시 송파구
서울특별시,송파구,특수규격마대,매립용,생활쓰레기,기타,0,0,0,0,0,0,0,2040,0,5100,0,0,0,0,0,청소행정과,02-2147-2840,2022-12-12,3230000,서울특별시 송파구
서울특별시,송파구,김장용봉투,소각용,음식물쓰레기,가정용,0,0,0,0,0,0,0,2000,0,0,0,0,0,0,0,자원활용과,02-2147-6380,2022-12-12,3230000,서울특별시 송파구
경상북도,칠곡군,규격봉투,소각용,생활쓰레기,가정용,0,0,0,0,70,100,180,350,0,900,0,1350,0,0,0,환경관리과,054-979-6724,2022-12-01,5220000,경상북도 칠곡군
경상남도,창원시,규격봉투,소각용,생활쓰레기,가정용,0,0,0,0,0,170,350,700,0,1790,0,2690,0,0,0,경상남도 창원시 자원순환과,055-225-3564,2022-11-23,5670000,경상남도 창원시
경기도,포천시,규격봉투,소각용,생활쓰레기,가정용,0,0,0,0,0,140,280,560,840,1400,0,2100,0,0,0,경기도 포천시청 친환경정책과,031-538-2465,2022-10-31,5600000,경기도 포천시
경기도,포천시,재사용규격봉투,소각용,생활쓰레기,가정용,0,0,0,0,0,0,280,560,840,0,0,0,0,0,0,경기도 포천시청 친환경정책과,031-538-2465,2022-10-31,5600000,경기도 포천시
경기도,포천시,특수규격마대,매립용,생활쓰레기,가정용,0,0,0,0,0,0,0,560,0,1400,0,0,0,0,0,경기도 포천시청 친환경정책과,031-538-2465,2022-10-31,5600000,경기도 포천시
경기도,포천시,규격봉투,소각용,생활쓰레기,소규모배출사업장 전용,0,0,0,0,0,0,0,0,0,0,0,4200,0,0,0,경기도 포천시청 친환경정책과,031-538-2465,2022-10-31,5600000,경기도 포천시
경기도,가평군,규격봉투,소각용,생활쓰레기,가정용,0,0,0,0,0,0,300,600,0,1500,0,2250,0,0,0,자원순환과,031-580-2551,2024-02-20,4160000,경기도 가평군
경기도,가평군,규격봉투,매립용,생활쓰레기,가정용,0,0,0,0,0,0,300,600,0,1500,0,2250,0,0,0,자원순환과,031-580-2551,2024-02-20,4160000,경기도 가평군
경기도,가평군,규격봉투,기타,음식물쓰레기,가정용,30,0,60,0,90,150,300,600,0,0,0,0,0,0,0,자원순환과,031-580-2551,2024-02-20,4160000,경기도 가평군
경기도,가평군,재사용규격봉투,매립용,생활쓰레기,가정용,0,0,0,0,0,0,300,600,0,0,0,0,0,0,0,자원순환과,031-580-2551,2024-02-20,4160000,경기도 가평군
경기도,가평군,특수규격마대,기타,생활쓰레기,기타,0,0,0,0,0,0,0,0,0,0,4500,0,0,0,0,자원순환과,031-580-2551,2024-02-20,4160000,경기도 가평군
울산광역시,동구,규격봉투,소각용,생활쓰레기,가정용,0,0,0,0,0,160,310,600,0,1490,0,2220,0,0,0,자원순환과,052-209-3603,2024-01-31,3710000,울산광역시 동구
울산광역시,동구,규격봉투,소각용,생활쓰레기,사업장용,0,0,0,0,0,160,310,600,0,1490,0,2220,0,0,0,자원순환과,052-209-3603,2024-01-31,3710000,울산광역시 동구
경상남도,통영시,규격봉투,소각용,생활쓰레기,가정용,0,0,0,0,0,140,0,0,0,1240,0,1850,0,0,0,자원순환과,055-650-1330,2024-02-06,5330000,경상남도 통영시
경상남도,통영시,재사용규격봉투,소각용,생활쓰레기,가정용,0,0,0,0,0,0,260,500,0,0,0,0,0,0,0,자원순환과,055-650-1330,2024-02-06,5330000,경상남도 통영시
경상남도,통영시,규격봉투,소각용,음식물쓰레기,가정용,0,0,0,0,90,140,260,500,0,0,0,0,0,0,0,자원순환과,055-650-1330,2024-02-06,5330000,경상남도 통영시
전라남도,장흥군,규격봉투,소각용,생활쓰레기,가정용,0,0,0,0,0,0,240,460,0,1100,0,0,0,0,0,환경관리과,061-860-6056,2024-06-25,4910000,전라남도 장흥군
경기도,동두천시,규격봉투,소각용,생활쓰레기,가정용,0,0,0,0,0,120,250,550,0,1250,0,2000,0,0,0,경기도 동두천시청 환경보호과,031-860-2100,2024-06-26,3920000,경기도 동두천시
경기도,동두천시,특수규격마대,매립용,생활쓰레기,가정용,0,0,0,0,0,0,0,2000,0,3600,0,0,0,0,0,경기도 동두천시청 환경보호과,031-860-2100,2024-06-26,3920000,경기도 동두천시
경상남도,거창군,규격봉투,소각용,생활쓰레기,가정용,0,0,0,0,0,100,200,400,0,900,0,1350,0,0,0,환경과,055-940-3500,2024-06-26,5470000,경상남도 거창군
서울특별시,강동구,재사용규격봉투,소각용,생활쓰레기,기타,0,0,0,0,90,130,250,490,740,1250,0,1880,2500,0,0,서울특별시 강동구청 청소행정과,02-3425-5860,2023-08-18,3240000,서울특별시 강동구
서울특별시,강동구,재사용규격봉투,소각용,생활쓰레기,기타,0,0,0,0,0,0,250,490,0,0,0,0,0,0,0,서울특별시 강동구청 청소행정과,02-3425-5860,2023-08-18,3240000,서울특별시 강동구
서울특별시,강동구,규격봉투,기타,음식물쓰레기,가정용,100,0,190,0,300,500,1000,0,0,0,0,0,0,0,0,서울특별시 강동구청 청소행정과,02-3425-5860,2023-08-18,3240000,서울특별시 강동구
서울특별시,강동구,특수규격마대,매립용,생활쓰레기,기타,0,0,0,0,0,0,1020,2040,0,5100,0,0,0,0,0,서울특별시 강동구청 청소행정과,02-3425-5860,2023-08-18,3240000,서울특별시 강동구
부산광역시,수영구,규격봉투,소각용,생활쓰레기,가정용,0,0,0,0,140,220,430,850,1280,2070,0,3080,0,0,0,자원순환과,051-610-4437,2023-08-27,3380000,부산광역시 수영구
서울특별시,영등포구,규격봉투,소각용,생활쓰레기,가정용,0,0,60,0,0,130,250,490,740,1250,0,1880,0,0,0,청소과,02-2670-3437,2024-01-11,3180000,서울특별시 영등포구
서울특별시,영등포구,재사용규격봉투,소각용,생활쓰레기,가정용,0,0,0,0,90,130,250,490,740,0,0,0,0,0,0,청소과,02-2670-3437,2024-01-11,3180000,서울특별시 영등포구
서울특별시,영등포구,규격봉투,기타,음식물쓰레기,가정용,100,0,190,0,300,500,1000,2000,0,0,0,0,0,0,0,청소과,02-2670-3437,2024-01-11,3180000,서울특별시 영등포구
서울특별시,영등포구,특수규격마대,매립용,생활쓰레기,가정용,0,0,0,0,0,0,1020,2040,0,0,0,0,0,0,0,청소과,02-2670-3437,2024-01-11,3180000,서울특별시 영등포구
경기도,부천시,재사용규격봉투,소각용,생활쓰레기,가정용,0,0,0,0,0,0,300,600,0,0,0,0,0,0,0,자원순환과,032-625-3204,2024-01-09,3860000,경기도 부천시
경기도,부천시,특수규격마대,매립용,생활쓰레기,가정용,0,0,0,0,0,0,300,0,900,0,0,0,0,0,0,자원순환과,032-625-3204,2024-01-09,3860000,경기도 부천시
경기도,부천시,규격봉투,소각용,생활쓰레기,가정용,0,0,0,0,0,150,300,600,0,1500,0,2250,0,0,0,자원순환과,032-625-3204,2024-01-09,3860000,경기도 부천시
경기도,부천시,규격봉투,매립용,음식물쓰레기,가정용,30,0,60,0,90,150,300,600,900,0,0,0,0,0,0,자원순환과,032-625-3204,2024-01-09,3860000,경기도 부천시
경기도,부천시,규격봉투,소각용,생활쓰레기,기타,0,0,0,0,0,0,0,0,0,0,0,0,0,0,0,자원순환과,032-625-3204,2024-01-09,3860000,경기도 부천시
충청남도,논산시,규격봉투,소각용,생활쓰레기,가정용,0,0,0,0,0,120,240,470,0,1170,0,1740,0,0,0,자원순환과,041-746-5533,2023-12-19,4540000,충청남도 논산시
충청남도,논산시,특수규격마대,매립용,생활쓰레기,사업장용,0,0,0,0,0,0,0,1000,0,0,0,0,0,0,0,자원순환과,041-746-5533,2023-12-19,4540000,충청남도 논산시
충청북도,진천군,규격봉투,소각용,생활쓰레기,가정용,0,0,90,0,0,190,340,640,20000,1580,0,2310,0,0,0,식산업자원과,043-539-3464,2023-12-11,4450000,충청북도 진천군
경기도,수원시,규격봉투,소각용,생활쓰레기,가정용,0,0,0,0,0,150,300,600,0,1500,0,2250,0,0,0,청소자원과,031-228-3249,2023-12-11,3740000,경기도 수원시
경기도,수원시,규격봉투,소각용,음식물쓰레기,가정용,40,0,80,0,120,200,400,800,0,2000,0,0,0,0,0,청소자원과,031-228-3249,2023-12-11,3740000,경기도 수원시
경기도,수원시,재사용규격봉투,소각용,생활쓰레기,가정용,0,0,0,0,0,0,300,600,0,0,0,0,0,0,0,청소자원과,031-228-3249,2023-12-11,3740000,경기도 수원시
제주특별자치도,서귀포시,규격봉투,소각용,생활쓰레기,가정용,0,0,0,0,0,120,240,700,1050,1750,0,0,0,0,0,생활환경과,064-760-2935,2023-12-11,6520000,제주특별자치도 서귀포시
제주특별자치도,서귀포시,재사용규격봉투,소각용,생활쓰레기,가정용,0,0,0,0,0,120,240,700,1050,1750,0,0,0,0,0,생활환경과,064-760-2935,2023-12-11,6520000,제주특별자치도 서귀포시
제주특별자치도,서귀포시,특수규격마대,매립용,생활쓰레기,가정용,0,0,0,0,0,0,0,1800,0,0,0,0,0,0,0,생활환경과,064-760-2935,2023-12-11,6520000,제주특별자치도 서귀포시
경상북도,울진군,규격봉투,소각용,생활쓰레기,가정용,0,0,0,0,0,120,210,400,0,1050,0,1570,2100,0,0,환경위생과,054-789-6132,2023-12-08,5250000,경상북도 울진군
부산광역시,중구,규격봉투,소각용,생활쓰레기,가정용,0,0,0,0,0,220,430,850,1280,2070,0,3080,0,0,0,자원순환과,051-600-4434,2023-12-22,3250000,부산광역시 중구
부산광역시,중구,재사용규격봉투,소각용,생활쓰레기,가정용,0,0,0,0,0,0,430,850,0,0,0,0,0,0,0,자원순환과,051-600-4434,2023-12-22,3250000,부산광역시 중구
경기도,안양시,재사용규격봉투,소각용,생활쓰레기,기타,0,0,0,0,0,0,300,550,0,0,0,0,0,0,0,자원순환과,031-8045-5448,2024-06-28,3830000,경기도 안양시
경기도,안양시,특수규격마대,매립용,생활쓰레기,가정용,0,0,0,0,0,0,0,1000,0,0,0,0,0,0,0,자원순환과,031-8045-5448,2024-06-28,3830000,경기도 안양시
경기도,안양시,특수규격마대,매립용,생활쓰레기,사업장용,0,0,0,0,0,0,0,1000,0,0,0,0,0,0,0,자원순환과,031-8045-5448,2024-06-28,3830000,경기도 안양시
경기도,안양시,특수규격마대,매립용,생활쓰레기,기타,0,0,0,0,0,0,0,1000,0,0,0,0,0,0,0,자원순환과,031-8045-5448,2024-06-28,3830000,경기도 안양시
울산광역시,중구,특수규격마대,매립용,생활쓰레기,사업장용,0,0,0,0,0,0,0,0,2160,3480,0,0,0,0,0,경영사업팀,052-290-7657,2020-07-07,B553013,울산광역시중구도시관리공단
경기도,김포시,규격봉투,소각용,생활쓰레기,가정용,0,0,0,0,0,180,360,720,0,1800,0,2700,0,0,0,자원순환과,031-980-2765,2023-01-20,4090000,경기도 김포시
경기도,김포시,재사용규격봉투,소각용,생활쓰레기,가정용,0,0,0,0,0,180,360,720,0,1800,0,2700,0,0,0,자원순환과,031-980-2765,2023-01-20,4090000,경기도 김포시
경기도,김포시,규격봉투,소각용,음식물쓰레기,가정용,0,70,0,0,140,240,490,990,0,0,0,0,0,0,0,자원순환과,031-980-2765,2023-01-20,4090000,경기도 김포시
경기도,김포시,규격봉투,소각용,생활쓰레기,가정용,0,0,0,0,0,0,0,0,0,2400,0,3600,0,0,0,자원순환과,031-980-2765,2023-01-20,4090000,경기도 김포시
경기도,김포시,특수규격마대,매립용,생활쓰레기,가정용,0,0,0,0,0,0,0,1000,0,2500,0,0,0,0,0,자원순환과,031-980-2765,2023-01-20,4090000,경기도 김포시
경기도,용인시,특수규격마대,매립용,생활쓰레기,가정용,0,0,0,0,0,0,0,1200,0,0,0,0,0,0,0,자원순환과,031-324-2332,2023-12-01,4050000,경기도 용인시
경상남도,하동군,규격봉투,소각용,생활쓰레기,가정용,0,0,0,0,0,100,200,400,0,900,0,1350,0,0,0,환경보호과,055-880-2586,2023-11-30,5440000,경상남도 하동군
충청남도,청양군,규격봉투,소각용,생활쓰레기,가정용,0,0,0,0,0,0,200,400,600,1000,0,1300,0,0,0,충청남도 청양군청 환경보호과,041-940-2254,2023-11-30,4590000,충청남도 청양군
충청남도,보령시,규격봉투,소각용,생활쓰레기,가정용,0,0,0,0,0,0,200,380,560,980,0,0,1930,0,0,충청남도 보령시 환경보호과,041-930-3676,2023-11-30,4510000,충청남도 보령시
충청남도,보령시,규격봉투,소각용,음식물쓰레기,가정용,0,0,40,0,60,100,200,380,0,0,0,0,0,0,0,충청남도 보령시 환경보호과,041-930-3676,2023-11-30,4510000,충청남도 보령시
충청남도,보령시,재사용규격봉투,소각용,생활쓰레기,가정용,0,0,0,0,0,0,200,380,0,0,0,0,0,0,0,충청남도 보령시 환경보호과,041-930-3676,2023-11-30,4510000,충청남도 보령시
충청남도,보령시,특수규격마대,매립용,생활쓰레기,가정용,0,0,0,0,0,0,0,0,0,2200,0,0,4400,0,0,충청남도 보령시 환경보호과,041-930-3676,2023-11-30,4510000,충청남도 보령시
경상남도,함안군,규격봉투,소각용,음식물쓰레기,가정용,0,0,0,0,40,100,200,400,0,0,0,0,0,0,0,환경과,055-580-2414,2023-11-08,5400000,경상남도 함안군
경상남도,함안군,특수규격마대,매립용,생활쓰레기,가정용,0,0,0,0,0,0,300,600,0,1500,0,0,0,0,0,환경과,055-580-2414,2023-11-08,5400000,경상남도 함안군
전라남도,영광군,규격봉투,소각용,생활쓰레기,가정용,0,0,0,0,0,74,148,277,0,690,0,0,0,0,0,환경과,061-350-5342,2024-03-04,4970000,전라남도 영광군
경상남도,창녕군,규격봉투,소각용,생활쓰레기,가정용,0,0,0,0,0,0,0,0,470,780,0,1150,0,0,0,환경위생과,055-530-1625,2024-04-11,5410000,경상남도 창녕군
경상남도,창녕군,특수규격마대,매립용,생활쓰레기,가정용,0,0,0,0,0,0,270,540,0,0,0,0,0,0,0,환경위생과,055-530-1625,2024-04-11,5410000,경상남도 창녕군
경상남도,창녕군,재사용규격봉투,소각용,생활쓰레기,가정용,0,0,0,0,0,90,160,320,0,0,0,0,0,0,0,환경위생과,055-530-1625,2024-04-11,5410000,경상남도 창녕군
서울특별시,동작구,규격봉투,소각용,생활쓰레기,가정용,0,0,0,0,90,130,250,490,740,1250,0,1880,0,0,0,청소행정과,02-820-1376,2024-04-05,3190000,서울특별시 동작구
서울특별시,동작구,규격봉투,기타,생활쓰레기,가정용(음식물),100,0,190,0,300,500,1000,0,0,0,0,0,0,0,0,청소행정과,02-820-1376,2024-04-05,3190000,서울특별시 동작구
서울특별시,동작구,규격봉투,매립용,생활쓰레기,사업장용,0,0,0,0,0,0,0,800,0,2000,0,0,4000,0,0,청소행정과,02-820-1376,2024-04-05,3190000,서울특별시 동작구
서울특별시,동작구,규격봉투,매립용,생활쓰레기,가정용(공사장생활폐기물),0,0,0,0,0,0,0,2040,0,5100,0,0,0,0,0,청소행정과,02-820-1376,2024-04-05,3190000,서울특별시 동작구
인천광역시,계양구,규격봉투,소각용,생활쓰레기,가정용,0,0,0,0,0,0,0,0,0,0,3880,0,0,0,8070,청소행정과,032-450-5463,2024-03-12,3550000,인천광역시 계양구
대구광역시,북구,규격봉투,소각용,생활쓰레기,가정용,0,0,0,0,100,150,290,560,850,1400,0,2080,0,0,0,대구광역시 북구 자원순환과,053-665-2585,2024-03-12,3450000,대구광역시 북구
대구광역시,동구,규격봉투,소각용,생활쓰레기,가정용,0,0,0,0,100,150,290,560,850,1400,0,2080,0,0,0,청소자원과,053-662-2736,2024-03-12,3420000,대구광역시 동구
전라남도,광양시,규격봉투,매립용,생활쓰레기,가정용,0,0,0,0,0,130,260,530,0,1300,0,0,0,0,0,자원순환과,061-797-2794,2024-02-28,4840000,전라남도 광양시
경기도,시흥시,규격봉투,소각용,음식물쓰레기,가정용,50,0,100,0,150,0,500,1000,1500,0,0,0,0,0,0,자원순환과,031-310-2254,2024-03-05,4010000,경기도 시흥시
경기도,시흥시,규격봉투,매립용,생활쓰레기,가정용,0,0,0,0,110,180,350,700,0,1750,0,2630,0,0,0,자원순환과,031-310-2254,2024-03-05,4010000,경기도 시흥시
경기도,시흥시,규격봉투,소각용,생활쓰레기,가정용,0,0,0,0,0,0,520,0,1570,2610,0,3920,0,0,0,자원순환과,031-310-2254,2024-03-05,4010000,경기도 시흥시
경기도,시흥시,특수규격마대,매립용,생활쓰레기,가정용,0,0,0,0,0,0,0,1500,0,3200,0,0,0,0,0,자원순환과,031-310-2254,2024-03-05,4010000,경기도 시흥시
광주광역시,서구,규격봉투,매립용,생활쓰레기,가정용,0,0,0,0,0,200,380,740,1110,1830,0,2730,0,0,0,청소행정과,062-360-7969,2024-03-04,3600000,광주광역시 서구
광주광역시,광산구,규격봉투,매립용,생활쓰레기,가정용,0,0,0,0,0,200,380,740,1110,1830,0,2730,0,0,0,청소행정과,062-960-8486,2024-03-04,3630000,광주광역시 광산구
경기도,평택시,규격봉투,소각용,생활쓰레기,가정용,0,0,0,0,0,130,250,500,0,1250,0,1880,0,0,0,경기도 평택시청,031-8024-3715,2024-03-04,3910000,경기도 평택시
경기도,평택시,규격봉투,소각용,음식물쓰레기,가정용,0,40,0,0,80,130,250,500,0,0,0,0,0,0,0,경기도 평택시청,031-8024-3715,2024-03-04,3910000,경기도 평택시
경기도,평택시,재사용규격봉투,소각용,생활쓰레기,가정용,0,0,0,0,0,130,250,500,0,0,0,0,0,0,0,경기도 평택시청,031-8024-3715,2024-03-04,3910000,경기도 평택시
경기도,평택시,특수규격마대,기타,생활쓰레기,기타,0,0,0,0,0,0,3000,6000,0,0,0,0,0,0,0,경기도 평택시청,031-8024-3715,2024-03-04,3910000,경기도 평택시
인천광역시,계양구,규격봉투,소각용,생활쓰레기,사업장용,0,0,0,0,0,0,0,0,0,0,3880,0,0,0,8070,청결지도팀,032-450-5464,2020-09-01,B551295,인천광역시계양구시설관리공단
인천광역시,계양구,재사용규격봉투,소각용,생활쓰레기,가정용,0,0,0,0,0,0,310,620,0,0,0,0,0,0,0,청결지도팀,032-450-5464,2020-09-01,B551295,인천광역시계양구시설관리공단
전라남도,순천시,규격봉투,소각용,생활쓰레기,가정용,0,0,0,0,90,150,290,580,0,1380,0,0,2760,0,0,청소자원과,061-749-6403,2023-07-06,4820000,전라남도 순천시
충청남도,계룡시,규격봉투,소각용,생활쓰레기,가정용,0,0,0,0,0,120,240,470,0,1170,0,1750,0,0,0,환경위생과,042-840-2484,2023-07-06,5580000,충청남도 계룡시
충청남도,계룡시,규격봉투,소각용,생활쓰레기,사업장용,0,0,0,0,0,120,240,470,0,1170,0,1750,0,0,0,환경위생과,042-840-2484,2023-07-06,5580000,충청남도 계룡시
충청남도,계룡시,재사용규격봉투,소각용,생활쓰레기,가정용,0,0,0,0,0,0,240,470,0,0,0,0,0,0,0,환경위생과,042-840-2484,2023-07-06,5580000,충청남도 계룡시
충청남도,아산시,재사용규격봉투,소각용,생활쓰레기,가정용,0,0,0,0,0,100,180,350,0,0,0,0,0,0,0,환경시설팀,041-538-1921,2024-03-01,B553452,아산시시설관리공단
충청남도,아산시,규격봉투,소각용,음식물쓰레기,가정용,20,0,40,0,60,100,180,350,0,0,0,0,0,0,0,환경시설팀,041-538-1921,2024-03-01,B553452,아산시시설관리공단
강원특별자치도,화천군,규격봉투,소각용,생활쓰레기,가정용,0,0,50,0,60,70,120,230,350,560,0,790,0,0,0,환경과,033-440-2326,2024-03-13,4311000,강원특별자치도 화천군
강원특별자치도,화천군,규격봉투,매립용,생활쓰레기,가정용,0,0,50,0,60,70,120,230,350,560,0,790,0,0,0,환경과,033-440-2326,2024-03-13,4311000,강원특별자치도 화천군
강원특별자치도,화천군,규격봉투,기타,음식물쓰레기,가정용,0,0,50,0,60,70,120,230,0,0,0,0,0,0,0,환경과,033-440-2326,2024-03-13,4311000,강원특별자치도 화천군
강원특별자치도,화천군,규격봉투,기타,생활쓰레기,가정용,0,0,0,0,0,0,120,230,0,0,0,0,0,0,0,환경과,033-440-2326,2024-03-13,4311000,강원특별자치도 화천군
강원특별자치도,화천군,규격봉투,소각용,생활쓰레기,기타,0,0,0,0,0,0,0,0,0,2460,0,0,0,0,0,환경과,033-440-2326,2024-03-13,4311000,강원특별자치도 화천군
강원특별자치도,화천군,규격봉투,매립용,생활쓰레기,기타,0,0,0,0,0,0,0,0,0,2460,0,0,0,0,0,환경과,033-440-2326,2024-03-13,4311000,강원특별자치도 화천군
인천광역시,계양구,규격봉투,소각용,생활쓰레기,가정용,0,0,0,0,0,210,390,750,0,1850,0,0,0,0,0,청소행정과,032-450-5463,2024-03-12,3550000,인천광역시 계양구
인천광역시,계양구,규격봉투,매립용,생활쓰레기,가정용,0,0,0,0,0,210,390,750,0,1850,0,0,0,0,0,청소행정과,032-450-5463,2024-03-12,3550000,인천광역시 계양구
인천광역시,계양구,재사용규격봉투,소각용,생활쓰레기,가정용,0,0,0,0,0,0,390,750,0,0,0,0,0,0,0,청소행정과,032-450-5463,2024-03-12,3550000,인천광역시 계양구
인천광역시,계양구,규격봉투,소각용,음식물쓰레기,가정용,60,0,120,0,180,300,600,1200,0,0,0,0,0,0,0,청소행정과,032-450-5454,2024-03-12,3550000,인천광역시 계양구
울산광역시,북구,규격봉투,소각용,생활쓰레기,가정용,0,0,0,0,0,160,310,600,0,1490,0,2220,0,0,0,자원순환과,052-241-7804,2024-06-24,3720000,울산광역시 북구
제주특별자치도,제주시,재사용규격봉투,소각용,생활쓰레기,가정용,0,0,0,0,0,120,240,700,1050,1750,0,0,0,0,0,생활환경과,064-728-3156,2024-06-28,6510000,제주특별자치도 제주시
제주특별자치도,제주시,특수규격마대,매립용,생활쓰레기,가정용,0,0,0,0,0,0,0,1800,0,0,0,0,0,0,0,생활환경과,064-728-3156,2024-06-28,6510000,제주특별자치도 제주시
전라남도,해남군,규격봉투,소각용,생활쓰레기,가정용,0,0,0,0,0,110,210,430,0,1050,0,1580,0,0,0,환경과,061-530-5336,2024-07-01,4930000,전라남도 해남군
부산광역시,부산진구,규격봉투,소각용,생활쓰레기,기타,0,0,0,0,0,220,300,850,1280,2070,0,3080,0,0,0,자원순환과,051-605-4462,2024-07-10,3290000,부산광역시 부산진구
충청북도,증평군,규격봉투,소각용,생활쓰레기,가정용,0,0,0,0,0,150,260,520,730,1200,0,1790,0,0,0,환경위생과,043-835-3647,2024-07-10,5570000,충청북도 증평군
충청남도,홍성군,규격봉투,기타,생활쓰레기,기타,20,0,40,0,60,100,200,400,600,1000,0,1500,2000,0,0,환경과,041-630-1350,2024-06-28,4600000,충청남도 홍성군
대구광역시,달성군,규격봉투,매립용,생활쓰레기,가정용,0,0,0,0,0,180,340,670,1080,1660,0,2470,0,0,0,청소위생과,053-668-2712,2024-07-01,3480000,대구광역시 달성군
충청남도,아산시,규격봉투,소각용,생활쓰레기,가정용,20,0,40,0,60,100,180,350,0,850,0,1300,0,0,0,아산시시설관리공단 환경시설팀,041-538-1921,2023-03-28,4520000,충청남도 아산시
경기도,여주시,규격봉투,소각용,생활쓰레기,가정용,0,0,0,0,0,120,230,460,0,1150,0,0,2300,0,0,자원순환과,031-887-2453,2023-08-01,5700000,경기도 여주시
경기도,여주시,재사용규격봉투,소각용,생활쓰레기,가정용,0,0,0,0,0,0,230,460,0,0,0,0,0,0,0,자원순환과,031-887-2453,2023-08-01,5700000,경기도 여주시
경기도,여주시,규격봉투,매립용,음식물쓰레기,가정용,30,0,50,0,70,120,230,460,0,1150,0,0,0,0,0,자원순환과,031-887-2453,2023-08-01,5700000,경기도 여주시
광주광역시,남구,규격봉투,소각용,생활쓰레기,가정용,0,0,0,0,0,200,380,740,1110,1830,0,2730,0,0,0,자원순환과,062-607-3633,2023-12-06,3610000,광주광역시 남구
광주광역시,남구,재사용규격봉투,소각용,생활쓰레기,가정용,0,0,0,0,0,0,380,740,0,0,0,0,0,0,0,자원순환과,062-607-3633,2023-12-06,3610000,광주광역시 남구
광주광역시,없음,규격봉투,매립용,생활쓰레기,가정용,0,0,0,0,0,200,380,740,1110,1830,0,2730,0,0,0,자원순환과,062-613-1692,2023-12-05,6290000,광주광역시
전라남도,고흥군,규격봉투,소각용,생활쓰레기,가정용,0,0,0,0,30,90,140,260,0,450,0,0,830,0,0,환경산림과,061-830-5812,2023-12-07,4880000,전라남도 고흥군
강원특별자치도,태백시,규격봉투,소각용,생활쓰레기,가정용,0,0,0,0,0,100,190,370,0,890,0,1320,0,0,0,환경과,033-550-2063,2023-12-05,4221000,강원특별자치도 태백시
전라남도,여수시,규격봉투,소각용,생활쓰레기,가정용,0,0,0,0,0,140,250,500,720,1200,0,1800,0,0,0,자원순환과,061-659-3834,2024-04-02,4810000,전라남도 여수시
경상북도,예천군,규격봉투,소각용,생활쓰레기,가정용,0,0,0,0,0,80,150,300,0,720,0,1080,0,0,0,환경관리과,054-650-6193,2024-03-30,5230000,경상북도 예천군
경상북도,예천군,규격봉투,소각용,음식물쓰레기,가정용,0,0,60,0,90,150,300,600,0,0,0,0,0,0,0,환경관리과,054-650-6193,2024-03-30,5230000,경상북도 예천군
전라남도,영암군,규격봉투,소각용,생활쓰레기,가정용,0,0,0,0,0,110,230,460,0,1160,0,1730,2310,0,0,환경기후과,061-470-2158,2024-03-27,4940000,전라남도 영암군
부산광역시,북구,규격봉투,소각용,생활쓰레기,가정용,0,0,0,0,0,170,340,680,1020,1660,0,2470,0,0,0,자원순환과,051-309-4437,2024-04-08,3320000,부산광역시 북구
부산광역시,북구,재사용규격봉투,소각용,생활쓰레기,가정용,0,0,0,0,0,0,340,680,0,0,0,0,0,0,0,자원순환과,051-309-4437,2024-04-08,3320000,부산광역시 북구
경상북도,봉화군,규격봉투,매립용,생활쓰레기,가정용,0,0,0,0,50,80,150,250,0,600,0,0,1200,0,0,녹색환경과,054-679-6413,2024-04-12,5240000,경상북도 봉화군
전라남도,목포시,규격봉투,소각용,생활쓰레기,가정용,0,0,0,0,0,110,210,400,600,990,0,1470,0,0,0,자원순환과,061-270-8561,2023-12-07,4800000,전라남도 목포시
경상남도,김해시,규격봉투,소각용,생활쓰레기,가정용,0,0,0,0,0,200,400,800,1200,2400,0,3600,0,0,0,자원순환과,055-330-3385,2023-12-08,5350000,경상남도 김해시
서울특별시,마포구,규격봉투,소각용,생활쓰레기,가정용,0,0,0,0,0,130,250,490,740,1250,0,1880,0,0,0,깨끗한마포과,02-3153-9226,2024-02-29,3130000,서울특별시 마포구
서울특별시,마포구,규격봉투,소각용,생활쓰레기,사업장용,0,0,0,0,0,0,0,0,0,0,0,0,0,0,0,깨끗한마포과,02-3153-9226,2024-02-29,3130000,서울특별시 마포구
서울특별시,강서구,규격봉투,소각용,생활쓰레기,가정용,0,0,60,0,90,130,250,490,740,1250,0,1880,0,0,0,자원순환과,02-2600-4057,2024-02-22,3150000,서울특별시 강서구
서울특별시,강서구,규격봉투,소각용,음식물쓰레기,가정용,100,0,190,0,300,500,1000,2000,0,0,0,0,0,0,0,자원순환과,02-2600-4057,2024-02-22,3150000,서울특별시 강서구
서울특별시,강서구,특수규격마대,매립용,생활쓰레기,가정용,0,0,0,0,0,0,0,2040,0,0,0,0,0,0,0,자원순환과,02-2600-4057,2024-02-22,3150000,서울특별시 강서구
서울특별시,강서구,재사용규격봉투,소각용,생활쓰레기,가정용,0,0,0,0,0,0,250,490,0,0,0,0,0,0,0,자원순환과,02-2600-4057,2024-02-22,3150000,서울특별시 강서구
인천광역시,서구,김장용봉투,기타,음식물쓰레기,가정용,0,0,0,0,0,0,0,1200,0,0,0,0,0,0,0,자원순환과,032-560-4412,2024-04-26,3560000,인천광역시 서구
인천광역시,서구,규격봉투,기타,음식물쓰레기,가정용,60,0,120,0,180,300,600,0,0,0,0,0,0,0,0,자원순환과,032-560-4412,2024-04-26,3560000,인천광역시 서구
전라남도,무안군,규격봉투,소각용,생활쓰레기,가정용,0,0,0,0,0,90,170,320,540,790,0,1350,0,0,0,전라남도 무안군청 환경과,061-450-5550,2024-04-18,4950000,전라남도 무안군
강원특별자치도,속초시,재사용규격봉투,소각용,생활쓰레기,가정용/사업용,0,0,0,0,0,0,230,440,0,0,0,0,0,0,0,친환경정책과,033-639-2337,2024-06-10,4231000,강원특별자치도 속초시
강원특별자치도,속초시,특수규격마대,매립용,생활쓰레기,가정용/사업용,0,0,0,0,0,0,0,0,0,1400,0,0,0,0,0,친환경정책과,033-639-2337,2024-06-10,4231000,강원특별자치도 속초시
인천광역시,연수구청,규격봉투,소각용,생활쓰레기,가정용,0,0,0,0,0,210,390,750,0,1850,0,2780,0,0,0,청소행정과,032-749-7855,2024-05-31,3520000,인천광역시 연수구
인천광역시,계양구,규격봉투,소각용,생활쓰레기,가정용,0,0,0,0,0,160,310,620,0,1540,0,0,3060,0,0,청결지도팀,032-450-5464,2020-09-01,B551295,인천광역시계양구시설관리공단
인천광역시,계양구,규격봉투,소각용,음식물쓰레기,가정용,60,0,120,0,180,300,600,1200,0,0,0,0,0,0,0,음식물자원화팀,032-450-5453,2020-09-01,B551295,인천광역시계양구시설관리공단
울산광역시,중구,규격봉투,소각용,생활쓰레기,가정용,0,0,0,0,0,0,0,0,0,1490,0,0,2960,0,0,경영사업팀,052-290-7657,2020-07-07,B553013,울산광역시중구도시관리공단
경기도,양평군,규격봉투,소각용,생활쓰레기,가정용,0,0,0,0,0,140,280,560,840,1400,0,2100,0,0,0,청소과,031-770-2252,2023-05-22,4170000,경기도 양평군
경기도,양평군,규격봉투,소각용,생활쓰레기,가정용,0,0,0,0,0,140,280,560,0,0,0,0,0,0,0,청소과,031-770-2252,2023-05-22,4170000,경기도 양평군
경기도,양평군,규격봉투,기타,음식물쓰레기,가정용,50,0,0,0,90,150,300,0,0,0,0,0,0,0,0,청소과,031-770-2252,2023-05-22,4170000,경기도 양평군
경기도,양평군,특수규격마대,매립용,생활쓰레기,가정용,0,0,0,0,0,0,790,1550,0,0,0,0,0,0,0,청소과,031-770-2252,2023-05-22,4170000,경기도 양평군
충청북도,단양군,규격봉투,소각용,생활쓰레기,가정용,0,0,0,0,0,100,200,300,0,800,0,1400,0,0,0,환경과,043-420-2684,2023-07-13,4480000,충청북도 단양군
충청북도,단양군,재사용규격봉투,소각용,생활쓰레기,가정용,0,0,0,0,0,0,0,300,0,0,0,0,0,0,0,환경과,043-420-2684,2023-07-13,4480000,충청북도 단양군
충청북도,제천시,규격봉투,매립용,생활쓰레기,가정용,0,0,0,0,0,0,200,300,0,700,0,0,0,0,0,자원순환과,043-641-6422,2023-10-17,4400000,충청북도 제천시
경상남도,함양군,규격봉투,소각용,생활쓰레기,가정용,0,0,0,0,60,100,200,400,0,980,0,0,0,0,0,환경위생과,055-960-6130,2023-10-12,5460000,경상남도 함양군
경상남도,함양군,특수규격마대,매립용,생활쓰레기,가정용,0,0,0,0,0,0,0,810,0,0,0,0,0,0,0,환경위생과,055-960-6130,2023-10-12,5460000,경상남도 함양군
서울특별시,관악구,규격봉투,소각용,생활쓰레기,가정용,0,0,0,0,90,130,250,490,740,1250,0,1880,0,0,0,서울특별시 관악구청 청소행정과,02-879-6206,2023-10-10,3200000,서울특별시 관악구
서울특별시,관악구,규격봉투,소각용,음식물쓰레기,가정용,100,0,190,0,300,500,0,0,0,0,0,0,0,0,0,서울특별시 관악구청 청소행정과,02-879-6206,2023-10-10,3200000,서울특별시 관악구
전라남도,담양군,규격봉투,소각용,생활쓰레기,가정용,0,0,0,0,0,90,180,310,0,900,0,1350,0,0,0,환경과,061-380-3073,2023-10-16,4850000,전라남도 담양군
경상북도,영천시,재사용규격봉투,소각용,생활쓰레기,가정용,0,0,0,0,0,90,180,360,0,0,0,0,0,0,0,자원순환과,054-330-6191,2024-06-17,5100000,경상북도 영천시
경상북도,영천시,규격봉투,소각용,생활쓰레기,가정용,0,0,0,0,0,90,180,360,0,900,0,1350,0,0,0,자원순환과,054-330-6191,2024-06-17,5100000,경상북도 영천시
경기도,양주시,규격봉투,소각용,생활쓰레기,가정용,0,0,0,0,90,150,300,600,0,1500,0,2250,0,0,0,청소행정과,031-8082-6903,2024-05-25,5590000,경기도 양주시
경기도,양주시,특수규격마대,매립용,생활쓰레기,가정용,0,0,0,0,0,0,1000,2000,0,5000,0,0,0,0,0,청소행정과,031-8082-6903,2024-05-25,5590000,경기도 양주시
경기도,양주시,규격봉투,매립용,음식물쓰레기,가정용,30,0,0,0,90,150,300,600,0,0,0,0,0,0,0,청소행정과,031-8082-6903,2024-05-25,5590000,경기도 양주시
충청남도,천안시,규격봉투,소각용,생활쓰레기,가정용,40,0,50,0,60,140,250,500,750,1150,0,1730,0,0,0,충청남도 천안시 청소행정과,041-521-5421,2024-06-19,4490000,충청남도 천안시
서울특별시,양천구,규격봉투,소각용,생활쓰레기,가정용,0,0,0,0,0,130,250,490,740,1250,0,1880,0,0,0,서울특별시 양천구청 청소행정과,02-2620-3420,2023-08-15,3140000,서울특별시 양천구
서울특별시,양천구,규격봉투,기타,음식물쓰레기,가정용,100,0,190,0,300,500,1000,2000,0,0,0,0,0,0,0,서울특별시 양천구청 청소행정과,02-2620-3420,2023-08-15,3140000,서울특별시 양천구
서울특별시,양천구,특수규격마대,기타,생활쓰레기,가정용,0,0,0,0,0,0,0,2040,0,5100,0,0,0,0,0,서울특별시 양천구청 청소행정과,02-2620-3420,2023-08-15,3140000,서울특별시 양천구
서울특별시,동대문구,규격봉투,소각용,생활쓰레기,가정용,0,0,0,0,0,130,250,490,740,1250,0,1880,0,0,0,청소행정과,02-2127-4725,2024-03-22,3050000,서울특별시 동대문구
서울특별시,동대문구,규격봉투,소각용,음식물쓰레기,가정용,100,0,190,0,300,500,1000,0,0,0,0,0,0,0,0,청소행정과,02-2127-4725,2024-03-22,3050000,서울특별시 동대문구
서울특별시,동대문구,재사용규격봉투,소각용,생활쓰레기,가정용,0,0,0,0,0,0,250,490,0,0,0,0,0,0,0,청소행정과,02-2127-4725,2024-03-22,3050000,서울특별시 동대문구
서울특별시,동대문구,특수규격마대,매립용,생활쓰레기,가정용,0,0,0,0,0,0,1020,2040,0,0,0,0,0,0,0,청소행정과,02-2127-4725,2024-03-22,3050000,서울특별시 동대문구
전북특별자치도,김제시,규격봉투,소각용,생활쓰레기,가정용,0,0,0,0,0,100,190,360,0,890,0,0,0,0,0,전북특별자치도 김제시청 청소자원과,063-540-3165,2024-03-18,4711000,전북특별자치도 김제시
전북특별자치도,김제시,특수규격마대,매립용,생활쓰레기,가정용,0,0,0,0,0,0,0,360,0,890,0,0,0,0,0,전북특별자치도 김제시청 청소자원과,063-540-3165,2024-03-18,4711000,전북특별자치도 김제시
전북특별자치도,김제시,김장용봉투,소각용,음식물쓰레기,가정용,0,0,0,0,0,0,0,470,0,1150,0,0,0,0,0,전북특별자치도 김제시청 청소자원과,063-540-3165,2024-03-18,4711000,전북특별자치도 김제시
강원특별자치도,강릉시,재사용규격봉투,매립용,생활쓰레기,기타,0,0,0,0,0,0,290,560,0,0,0,0,0,0,0,자원순환과,033-640-4525,2024-03-18,4201000,강원특별자치도 강릉시
강원특별자치도,강릉시,규격봉투,매립용,생활쓰레기,기타,0,0,0,0,0,140,290,560,0,1350,0,2030,0,0,0,자원순환과,033-640-4525,2024-03-18,4201000,강원특별자치도 강릉시
부산광역시,남구,규격봉투,소각용,생활쓰레기,가정용,0,0,0,0,120,180,340,680,1020,1670,0,2490,0,0,0,자원순환과,051-607-4435,2024-03-16,3310000,부산광역시 남구
충청남도,아산시,규격봉투,소각용,생활쓰레기,가정용,0,0,0,0,0,100,180,350,0,850,0,1300,0,0,0,환경시설팀,041-538-1921,2024-03-01,B553452,아산시시설관리공단
경기도,의왕시,규격봉투,소각용,생활쓰레기,가정용,0,0,0,0,0,190,350,680,0,1700,0,2630,0,0,0,경기도 의왕시청 자원관리과,031-345-2844,2024-06-14,4030000,경기도 의왕시
경기도,의왕시,규격봉투,소각용,음식물쓰레기,가정용,40,0,80,0,120,200,400,800,0,0,0,0,0,0,0,경기도 의왕시청 자원관리과,031-345-2844,2024-06-14,4030000,경기도 의왕시
경기도,의왕시,재사용규격봉투,소각용,생활쓰레기,가정용,0,0,0,0,0,0,350,680,0,0,0,0,0,0,0,경기도 의왕시청 자원관리과,031-345-2844,2024-06-14,4030000,경기도 의왕시
경기도,의왕시,특수규격마대,매립용,생활쓰레기,기타,0,0,0,0,0,0,0,2000,0,0,0,0,0,0,0,경기도 의왕시청 자원관리과,031-345-2844,2024-06-14,4030000,경기도 의왕시
강원도,인제군,규격봉투,소각용,생활쓰레기,가정용,0,0,40,0,60,90,150,300,0,740,0,1100,0,1700,0,환경보호과,033-460-4474,2023-06-07,4331000,강원특별자치도 인제군
강원도,인제군,규격봉투,매립용,생활쓰레기,가정용,0,0,40,0,60,90,150,300,0,740,0,1100,0,1700,0,환경보호과,033-460-4474,2023-06-07,4331000,강원특별자치도 인제군
경상북도,군위군,규격봉투,소각용,생활쓰레기,가정용,0,0,0,0,0,70,130,240,0,600,0,0,1190,0,0,환경위생과,054-380-7983,2022-11-26,5141000,대구광역시 군위군
강원도,철원군,규격봉투,소각용,생활쓰레기,가정용,0,0,0,0,0,0,190,400,0,970,0,0,1950,0,0,청정환경과,033-450-5335,2022-06-08,4301000,강원특별자치도 철원군
강원도,철원군,규격봉투,매립용,생활쓰레기,가정용,0,0,0,0,0,0,190,400,0,970,0,0,0,0,0,청정환경과,033-450-5335,2022-06-08,4301000,강원특별자치도 철원군
강원도,철원군,재사용규격봉투,소각용,생활쓰레기,가정용,0,0,0,0,0,0,190,400,0,0,0,0,0,0,0,청정환경과,033-450-5335,2022-06-08,4301000,강원특별자치도 철원군
강원도,철원군,규격봉투,기타,음식물쓰레기,가정용,0,0,0,0,0,110,190,0,0,0,0,0,0,0,0,청정환경과,033-450-5335,2022-06-08,4301000,강원특별자치도 철원군
경상북도,의성군,규격봉투,소각용,생활쓰레기,가정용,0,0,0,0,60,85,170,340,0,750,0,1120,1500,0,0,환경축산과,054-830-6571,2023-09-10,5150000,경상북도 의성군
강원특별자치도,춘천시,규격봉투,소각용,생활쓰레기,가정용,0,0,0,0,80,140,230,470,0,1140,0,1710,0,0,0,자원순환과,033-250-3127,2023-09-01,4181000,강원특별자치도 춘천시
강원특별자치도,춘천시,규격봉투,매립용,생활쓰레기,가정용,0,0,0,0,0,140,230,470,0,0,0,0,0,0,0,자원순환과,033-250-3127,2023-09-01,4181000,강원특별자치도 춘천시
강원특별자치도,영월군,재사용규격봉투,소각용,생활쓰레기,가정용,0,0,0,0,0,0,180,350,0,0,0,0,0,0,0,강원특별자치도 영월군청,033-370-2335,2024-07-29,4271000,강원특별자치도 영월군
서울특별시,강남구,규격봉투,소각용,생활쓰레기,가정용,0,0,0,0,0,130,250,490,740,1250,0,0,0,0,0,자원순환과,02-3423-5974,2024-07-19,3220000,서울특별시 강남구
서울특별시,강남구,재사용규격봉투,소각용,생활쓰레기,가정용,0,0,0,0,0,0,250,490,0,0,0,0,0,0,0,자원순환과,02-3423-5974,2024-07-19,3220000,서울특별시 강남구
경기도,의정부시,규격봉투,소각용,생활쓰레기,가정용,0,0,0,0,0,240,420,840,0,2250,0,4200,0,0,0,자원순환과,031-828-2823,2024-07-15,3820000,경기도 의정부시
경기도,의정부시,규격봉투,소각용,음식물쓰레기,가정용,50,0,0,120,0,240,420,840,0,0,0,0,0,0,0,자원순환과,031-828-2823,2024-07-15,3820000,경기도 의정부시
경기도,의정부시,규격봉투,소각용,생활쓰레기,사업장용,0,0,0,0,0,0,0,0,0,0,0,6500,0,0,0,자원순환과,031-828-2823,2024-07-15,3820000,경기도 의정부시
경기도,의정부시,재사용규격봉투,소각용,생활쓰레기,가정용,0,0,0,0,140,240,420,840,0,0,0,0,0,0,0,자원순환과,031-828-2823,2024-07-15,3820000,경기도 의정부시
경기도,의정부시,특수규격마대,소각용,생활쓰레기,기타,0,0,0,0,0,0,0,0,0,2700,0,4000,0,0,0,자원순환과,031-828-2823,2024-07-15,3820000,경기도 의정부시
경기도,의정부시,특수규격마대,매립용,생활쓰레기,기타,0,0,0,0,0,0,0,2000,0,5000,0,0,0,0,0,자원순환과,031-828-2823,2024-07-15,3820000,경기도 의정부시
경상북도,김천시,규격봉투,소각용,생활쓰레기,가정용,0,0,0,0,0,100,180,350,0,860,0,1270,0,0,0,김천시 시설관리공단 체육장사팀,054-421-1661,2024-07-25,5060000,경상북도 김천시
서울특별시,노원구,규격봉투,소각용,생활쓰레기,가정용,0,0,0,0,90,130,250,490,0,1250,0,1880,0,0,0,자원순환과,02-2116-3800,2024-07-22,3100000,서울특별시 노원구
서울특별시,노원구,특수규격마대,기타,생활쓰레기,가정용,0,0,0,0,0,0,1020,2040,0,0,0,0,0,0,0,자원순환과,02-2116-3800,2024-07-22,3100000,서울특별시 노원구
부산광역시,해운대구,규격봉투,소각용,생활쓰레기,가정용,0,0,0,0,140,220,430,850,1280,2070,0,3080,0,0,0,자원순환과,051-749-4434,2024-07-18,3330000,부산광역시 해운대구
부산광역시,해운대구,특수규격마대,매립용,생활쓰레기,가정용,0,0,0,0,0,0,430,850,1280,2070,0,0,0,0,0,자원순환과,051-749-4434,2024-07-18,3330000,부산광역시 해운대구
부산광역시,해운대구,규격봉투,소각용,생활쓰레기,사업장용,0,0,0,0,0,230,450,890,1340,2170,0,3230,0,0,0,자원순환과,051-749-4434,2024-07-18,3330000,부산광역시 해운대구
경상남도,밀양시,규격봉투,소각용,생활쓰레기,가정용,0,0,0,0,0,210,370,700,0,1720,0,2560,0,0,0,환경관리과,055-359-5321,2024-07-19,5360000,경상남도 밀양시
경상남도,밀양시,재사용규격봉투,소각용,생활쓰레기,가정용,0,0,0,0,0,0,370,700,0,0,0,0,0,0,0,환경관리과,055-359-5321,2024-07-19,5360000,경상남도 밀양시
경상남도,밀양시,규격봉투,매립용,생활쓰레기,가정용,0,0,0,0,0,0,0,0,0,1720,0,0,0,0,0,환경관리과,055-359-5321,2024-07-19,5360000,경상남도 밀양시
전북특별자치도,장수군,규격봉투,매립용,생활쓰레기,가정용,0,0,0,0,0,90,180,360,540,900,0,1350,0,0,0,환경과,063-350-2537,2024-08-13,4751000,전북특별자치도 장수군
전북특별자치도,장수군,재사용규격봉투,소각용,생활쓰레기,가정용,0,0,0,0,0,90,180,360,540,900,0,1350,0,0,0,환경과,063-350-2537,2024-08-13,4751000,전북특별자치도 장수군
경기도,남양주시,규격봉투,소각용,생활쓰레기,가정용,0,0,0,0,0,190,370,740,1110,1850,0,2780,0,0,0,자원순환과,031-590-4255,2023-05-10,3990000,경기도 남양주시
인천광역시,남동구,규격봉투,소각용,생활쓰레기,가정용,0,0,0,0,0,210,390,750,0,1850,0,0,0,0,0,청소행정과,032-453-2555,2023-09-03,3530000,인천광역시 남동구
인천광역시,남동구,재사용규격봉투,소각용,생활쓰레기,가정용,0,0,0,0,0,0,390,750,0,0,0,0,0,0,0,청소행정과,032-453-2555,2023-09-03,3530000,인천광역시 남동구
인천광역시,남동구,규격봉투,기타,음식물쓰레기,가정용,100,0,200,0,300,500,1000,2000,0,0,0,0,0,0,0,청소행정과,032-453-2555,2023-09-03,3530000,인천광역시 남동구
인천광역시,남동구,규격봉투,소각용,생활쓰레기,가정용,0,0,0,0,0,0,0,0,2350,3920,0,4730,0,0,7870,청소행정과,032-453-2555,2023-09-03,3530000,인천광역시 남동구
인천광역시,남동구,재사용규격봉투,매립용,생활쓰레기,가정용,0,0,0,0,0,0,0,2200,0,0,0,0,0,0,0,청소행정과,032-453-2555,2023-09-03,3530000,인천광역시 남동구
서울특별시,중구,규격봉투,소각용,생활쓰레기,가정용,0,0,0,0,90,130,250,490,740,1250,0,1880,0,0,0,청소행정과,02-3396-5459,2023-12-06,3010000,서울특별시 중구
서울특별시,중구,재사용규격봉투,소각용,생활쓰레기,가정용,0,0,0,0,90,0,250,490,0,0,0,0,0,0,0,청소행정과,02-3396-5459,2023-12-06,3010000,서울특별시 중구
서울특별시,중구,특수규격마대,매립용,생활쓰레기,가정용,0,0,0,0,0,0,0,2040,0,0,0,0,0,0,0,청소행정과,02-3396-5459,2023-12-06,3010000,서울특별시 중구
서울특별시,마포구,특수규격마대,기타,생활쓰레기,가정용,0,0,0,0,0,0,0,2040,0,0,0,0,0,0,0,깨끗한마포과,02-3153-9226,2024-02-29,3130000,서울특별시 마포구
전라북도,순창군,규격봉투,소각용,생활쓰레기,가정용,0,0,0,0,0,120,190,380,560,900,0,0,2000,0,0,환경수도과,063-650-1725,2022-06-15,4771000,전북특별자치도 순창군
인천광역시,서구,규격봉투,소각용,생활쓰레기,가정용,0,0,0,0,0,160,310,620,0,1540,0,0,0,0,0,자원순환과,032-560-4552,2024-04-26,3560000,인천광역시 서구
인천광역시,서구,규격봉투,매립용,생활쓰레기,가정용,0,0,0,0,0,0,310,620,0,1540,0,0,0,0,0,자원순환과,032-560-4552,2024-04-26,3560000,인천광역시 서구
인천광역시,서구,규격봉투,소각용,생활쓰레기,사업장용,0,0,0,0,0,0,0,0,1870,0,3710,0,0,0,0,자원순환과,032-560-4552,2024-04-26,3560000,인천광역시 서구
인천광역시,서구,재사용규격봉투,소각용,생활쓰레기,가정용,0,0,0,0,0,160,310,620,0,0,0,0,0,0,0,자원순환과,032-560-4552,2024-04-26,3560000,인천광역시 서구
경기도,안양시,규격봉투,매립용,생활쓰레기,사업장용,0,0,0,0,0,150,300,550,0,1400,0,2100,0,0,0,자원순환과,031-8045-5448,2024-06-28,3830000,경기도 안양시
경기도,안양시,규격봉투,매립용,생활쓰레기,기타,0,0,0,0,0,150,300,550,0,1400,0,2100,0,0,0,자원순환과,031-8045-5448,2024-06-28,3830000,경기도 안양시
경기도,안양시,규격봉투,소각용,음식물쓰레기,가정용,0,50,0,80,0,150,300,550,0,0,0,0,0,0,0,자원순환과,031-8045-5448,2024-06-28,3830000,경기도 안양시
경기도,안양시,규격봉투,소각용,음식물쓰레기,사업장용,0,50,0,80,0,150,300,550,0,0,0,0,0,0,0,자원순환과,031-8045-5448,2024-06-28,3830000,경기도 안양시
경기도,안양시,규격봉투,소각용,음식물쓰레기,기타,0,50,0,80,0,150,300,550,0,0,0,0,0,0,0,자원순환과,031-8045-5448,2024-06-28,3830000,경기도 안양시
경기도,안양시,재사용규격봉투,소각용,생활쓰레기,가정용,0,0,0,0,0,0,300,550,0,0,0,0,0,0,0,자원순환과,031-8045-5448,2024-06-28,3830000,경기도 안양시
경기도,안양시,재사용규격봉투,소각용,생활쓰레기,사업장용,0,0,0,0,0,0,300,550,0,0,0,0,0,0,0,자원순환과,031-8045-5448,2024-06-28,3830000,경기도 안양시
인천광역시,미추홀구,재사용규격봉투,소각용,생활쓰레기,가정용,0,0,0,0,0,210,390,750,0,0,0,0,0,0,0,청소행정팀,032-880-4353,2024-05-22,3510500,인천광역시 미추홀구
서울특별시,중랑구,규격봉투,소각용,생활쓰레기,가정용,0,0,0,0,0,130,250,490,740,1250,0,1880,0,0,0,청소행정과,02-2094-1947,2024-05-01,3060000,서울특별시 중랑구
서울특별시,중랑구,규격봉투,소각용,음식물쓰레기,가정용,100,0,190,0,300,500,0,0,0,0,0,0,0,0,0,청소행정과,02-2094-1947,2024-05-01,3060000,서울특별시 중랑구
서울특별시,중랑구,규격봉투,소각용,생활쓰레기,사업장용,0,0,0,0,0,0,0,0,0,0,0,0,0,0,0,청소행정과,02-2094-1947,2024-05-01,3060000,서울특별시 중랑구
서울특별시,중랑구,특수규격마대,매립용,생활쓰레기,가정용,0,0,0,0,0,0,0,2040,0,0,0,0,0,0,0,청소행정과,02-2094-1947,2024-05-01,3060000,서울특별시 중랑구
경기도,연천군,규격봉투,소각용,생활쓰레기,가정용,0,0,0,0,0,0,290,560,0,1340,0,2050,0,0,0,환경보호과,031-839-2248,2024-05-16,4140000,경기도 연천군
경기도,연천군,규격봉투,소각용,음식물쓰레기,가정용,0,0,0,0,70,130,290,560,0,0,0,0,0,0,0,환경보호과,031-839-2248,2024-05-16,4140000,경기도 연천군
경기도,연천군,규격봉투,매립용,생활쓰레기,가정용,0,0,0,0,0,0,0,3000,0,0,0,0,0,0,0,환경보호과,031-839-2248,2024-05-16,4140000,경기도 연천군
부산광역시,영도구,규격봉투,소각용,생활쓰레기,가정용,0,0,0,0,0,220,430,850,1280,2070,0,3080,0,0,0,청소행정과,051-419-4434,2024-05-16,3280000,부산광역시 영도구
전북특별자치도,고창군,규격봉투,소각용,생활쓰레기,가정용,0,0,0,0,0,0,210,400,0,990,0,1470,0,0,0,환경위생과,063-560-2919,2024-05-10,4781000,전북특별자치도 고창군
전북특별자치도,고창군,재사용규격봉투,소각용,생활쓰레기,가정용,0,0,0,0,0,0,210,400,0,0,0,0,0,0,0,환경위생과,063-560-2919,2024-05-10,4781000,전북특별자치도 고창군
전북특별자치도,고창군,규격봉투,매립용,생활쓰레기,가정용,0,0,0,0,0,0,0,800,0,0,0,0,0,0,0,환경위생과,063-560-2919,2024-05-10,4781000,전북특별자치도 고창군
대구광역시,달서구,규격봉투,소각용,생활쓰레기,가정용,0,0,0,0,100,150,290,560,850,1400,0,2080,0,0,0,청소과,053-667-2711,2024-05-09,3470000,대구광역시 달서구
경기도,파주시,규격봉투,소각용,생활쓰레기,가정용,0,0,0,0,0,220,410,800,1190,1950,0,2910,0,0,0,자원순환과,031-940-4732,2024-05-07,4060000,경기도 파주시
경기도,파주시,규격봉투,기타,음식물쓰레기,가정용,60,0,100,0,140,220,410,800,0,0,0,0,0,0,0,자원순환과,031-940-4732,2024-05-07,4060000,경기도 파주시
경기도,파주시,재사용규격봉투,소각용,생활쓰레기,가정용,0,0,0,0,0,0,410,800,0,0,0,0,0,0,0,자원순환과,031-940-4732,2024-05-07,4060000,경기도 파주시
경기도,파주시,특수규격마대,기타,음식물쓰레기,가정용+기타,0,0,0,0,0,0,0,2070,0,5050,0,0,0,0,0,자원순환과,031-940-4732,2024-05-07,4060000,경기도 파주시
경기도,구리시,규격봉투,소각용,생활쓰레기,가정용,0,0,0,0,90,140,260,510,0,1250,0,1860,0,0,0,자원순환과,031-550-2759,2024-05-07,3980000,경기도 구리시
인천광역시,연수구청,재사용규격봉투,소각용,생활쓰레기,가정용,0,0,0,0,0,0,390,750,0,0,0,0,0,0,0,청소행정과,032-749-7855,2024-05-31,3520000,인천광역시 연수구
인천광역시,연수구청,특수규격마대,소각용,생활쓰레기,가정용,0,0,0,0,0,0,0,0,2010,0,3980,0,0,0,8250,청소행정과,032-749-7855,2024-05-31,3520000,인천광역시 연수구
전라남도,곡성군,규격봉투,매립용,생활쓰레기,가정용,0,0,0,0,0,0,310,530,0,1270,0,1970,0,0,0,환경과,061-360-8521,2024-06-04,4860000,전라남도 곡성군
광주광역시,동구,규격봉투,매립용 + 소각용,생활쓰레기,가정용,0,0,0,0,0,200,380,740,1110,1830,0,2730,0,0,0,청소행정과,062-608-2526,2024-06-03,3590000,광주광역시 동구
경상남도,남해군,규격봉투,매립용,생활쓰레기,가정용,0,0,0,0,0,100,200,400,0,1000,0,0,0,0,0,경상남도 남해군청 환경과,055-860-3263,2024-03-18,5430000,경상남도 남해군
강원도,원주시,규격봉투,기타,생활쓰레기,가정용,0,0,0,0,100,170,320,680,0,1690,0,2500,0,0,0,생활자원과,033-737-3082,2023-07-10,4191000,강원특별자치도 원주시
강원도,원주시,규격봉투,기타,음식물쓰레기,가정용,0,0,80,0,100,170,320,680,0,1690,0,0,0,0,0,생활자원과,033-737-3082,2023-07-10,4191000,강원특별자치도 원주시
강원도,원주시,재사용규격봉투,기타,생활쓰레기,가정용,0,0,0,0,0,170,320,680,0,0,0,0,0,0,0,생활자원과,033-737-3082,2023-07-10,4191000,강원특별자치도 원주시
강원도,원주시,특수규격마대,매립용,생활쓰레기,사업장용,0,0,0,0,0,0,0,1200,0,2600,0,3800,0,0,0,생활자원과,033-737-3082,2023-07-10,4191000,강원특별자치도 원주시
충청남도,서산시,규격봉투,소각용,생활쓰레기,가정용,0,0,0,0,0,120,230,460,690,1150,0,0,0,0,0,자원순환과,041-660-2033,2023-07-03,4530000,충청남도 서산시
충청남도,서산시,재사용규격봉투,소각용,생활쓰레기,가정용,0,0,0,0,70,0,230,460,0,0,0,0,0,0,0,자원순환과,041-660-2033,2023-07-03,4530000,충청남도 서산시
충청북도,영동군,규격봉투,소각용,생활쓰레기,가정용,0,0,0,0,0,120,230,440,660,1100,0,1640,2180,0,0,환경과,043-740-3413,2023-12-11,4440000,충청북도 영동군
충청북도,영동군,특수규격마대,소각용,생활쓰레기,가정용,0,0,0,0,0,0,0,0,0,2000,0,0,0,0,0,환경과,043-740-3413,2023-12-11,4440000,충청북도 영동군
충청북도,영동군,특수규격마대,매립용,생활쓰레기,가정용,0,0,0,0,0,0,0,0,0,2000,0,0,0,0,0,환경과,043-740-3413,2023-12-11,4440000,충청북도 영동군
전북특별자치도,군산시,규격봉투,소각용,생활쓰레기,가정용,0,0,0,0,0,200,300,500,0,1250,0,1850,0,0,0,자원순환과,063-454-3455,2024-05-28,4671000,전북특별자치도 군산시
전북특별자치도,군산시,재사용규격봉투,소각용,생활쓰레기,가정용,0,0,0,0,0,0,300,500,0,0,0,0,0,0,0,자원순환과,063-454-3455,2024-05-28,4671000,전북특별자치도 군산시
전북특별자치도,군산시,특수규격마대,매립용,생활쓰레기,가정용,0,0,0,0,0,0,0,1000,0,0,0,0,0,0,0,자원순환과,063-454-3455,2024-05-28,4671000,전북특별자치도 군산시
부산광역시,동래구,규격봉투,소각용,생활쓰레기,가정용,0,0,0,0,140,220,430,850,1280,2070,0,3080,0,0,0,자원순환과,051-550-4434,2024-05-24,3300000,부산광역시 동래구
부산광역시,동래구,재사용규격봉투,소각용,생활쓰레기,가정용,0,0,0,0,0,0,430,850,0,0,0,0,0,0,0,자원순환과,051-550-4434,2024-05-24,3300000,부산광역시 동래구
부산광역시,동래구,재사용규격봉투,매립용,생활쓰레기,가정용,0,0,0,0,0,0,0,0,1280,0,0,0,0,0,0,자원순환과,051-550-4432,2024-05-24,3300000,부산광역시 동래구
인천광역시,중구,규격봉투,소각용,생활쓰레기,사업장용,0,0,0,0,0,0,0,0,0,1940,0,0,3880,0,0,환경보호과,032-760-7410,2024-06-13,3490000,인천광역시 중구
인천광역시,중구,규격봉투,매립용,생활쓰레기,사업장용,0,0,0,0,0,0,0,0,0,1940,0,0,3880,0,0,환경보호과,032-760-7410,2024-06-13,3490000,인천광역시 중구
인천광역시,중구,특수규격마대,매립용,생활쓰레기,가정용,0,0,0,0,0,0,0,0,0,0,3970,0,6500,0,0,환경보호과,032-760-7410,2024-06-13,3490000,인천광역시 중구
인천광역시,중구,특수규격마대,매립용,생활쓰레기,사업장용,0,0,0,0,0,0,0,0,0,0,3070,0,0,0,0,환경보호과,032-760-7410,2024-06-13,3490000,인천광역시 중구
충청남도,태안군,규격봉투,기타,음식물쓰레기,가정용,0,0,50,0,90,130,300,550,780,0,0,0,0,0,0,충청남도 태안군 환경산림과,041-670-2795,2024-07-03,4620000,충청남도 태안군
서울특별시,은평구,규격봉투,소각용,생활쓰레기,가정용,0,0,80,0,0,190,380,760,0,1250,0,1880,2500,0,0,자원순환과,02-351-7563,2021-04-20,3110000,서울특별시 은평구
서울특별시,은평구,재사용규격봉투,소각용,생활쓰레기,가정용,0,0,0,0,0,130,250,490,0,0,0,0,0,0,0,자원순환과,02-351-7563,2021-04-20,3110000,서울특별시 은평구
서울특별시,은평구,특수규격마대,매립용,생활쓰레기,가정용,0,0,0,0,0,0,0,2040,0,0,0,0,0,0,0,자원순환과,02-351-7563,2021-04-20,3110000,서울특별시 은평구
서울특별시,은평구,규격봉투,소각용,음식물쓰레기,가정용,100,0,200,0,300,500,1000,0,0,0,0,0,0,0,0,자원순환과,02-351-7563,2021-04-20,3110000,서울특별시 은평구
인천광역시,계양구,규격봉투,소각용,생활쓰레기,기타,0,0,0,0,0,160,310,0,0,0,0,0,3060,0,0,청결지도팀,032-450-5464,2020-09-01,B551295,인천광역시계양구시설관리공단
전북특별자치도,부안군,재사용규격봉투,매립용,생활쓰레기,기타,0,0,0,0,0,0,0,700,0,0,0,0,0,0,0,전북특별자치도 부안군청,063-580-4357,2024-01-22,4791000,전북특별자치도 부안군
전북특별자치도,부안군,특수규격마대,매립용,생활쓰레기,가정용,0,0,0,0,0,0,0,0,0,2500,0,0,0,0,0,전북특별자치도 부안군청,063-580-4357,2024-01-22,4791000,전북특별자치도 부안군
전북특별자치도,부안군,특수규격마대,매립용,생활쓰레기,사업장용,0,0,0,0,0,0,0,0,0,2500,0,0,0,0,0,전북특별자치도 부안군청,063-580-4357,2024-01-22,4791000,전북특별자치도 부안군
전북특별자치도,부안군,특수규격마대,매립용,생활쓰레기,기타,0,0,0,0,0,0,0,0,0,2500,0,0,0,0,0,전북특별자치도 부안군청,063-580-4357,2024-01-22,4791000,전북특별자치도 부안군
전북특별자치도,완주군,규격봉투,소각용,생활쓰레기,가정용,0,0,0,0,0,110,220,420,0,1100,0,1450,0,0,0,자원순환과,063-290-2618,2024-01-29,4721000,전북특별자치도 완주군
전북특별자치도,정읍시,규격봉투,소각용,생활쓰레기,가정용,0,0,0,0,0,90,170,310,0,770,0,0,0,0,0,자원순환과,063-539-8144,2024-01-24,4691000,전북특별자치도 정읍시
전북특별자치도,정읍시,재사용규격봉투,소각용,생활쓰레기,가정용,0,0,0,0,0,0,0,180,0,0,0,0,0,0,0,자원순환과,063-539-8144,2024-01-24,4691000,전북특별자치도 정읍시
전북특별자치도,정읍시,특수규격마대,매립용,생활쓰레기,가정용,0,0,0,0,0,0,0,0,0,0,3000,0,0,0,0,자원순환과,063-539-8144,2024-01-24,4691000,전북특별자치도 정읍시
전북특별자치도,정읍시,규격봉투,매립용,음식물쓰레기,가정용,0,0,0,0,150,250,0,0,0,0,0,0,0,0,0,자원순환과,063-539-8144,2024-01-24,4691000,전북특별자치도 정읍시
경기도,안양시,규격봉투,소각용,생활쓰레기,가정용,0,0,0,0,0,150,300,550,0,1400,0,2100,0,0,0,자원순환과,031-8045-5448,2024-06-28,3830000,경기도 안양시
경기도,안양시,규격봉투,소각용,생활쓰레기,사업장용,0,0,0,0,0,150,300,550,0,1400,0,2100,0,0,0,자원순환과,031-8045-5448,2024-06-28,3830000,경기도 안양시
경기도,안양시,규격봉투,소각용,생활쓰레기,기타,0,0,0,0,0,150,300,550,0,1400,0,2100,0,0,0,자원순환과,031-8045-5448,2024-06-28,3830000,경기도 안양시
경기도,안양시,규격봉투,매립용,생활쓰레기,가정용,0,0,0,0,0,150,300,550,0,1400,0,2100,0,0,0,자원순환과,031-8045-5448,2024-06-28,3830000,경기도 안양시
충청북도,괴산군,규격봉투,소각용,생활쓰레기,기타,0,0,0,0,0,0,140,280,0,660,0,0,1320,0,0,충청북도 괴산군청 환경과,043-830-3648,2023-07-11,4460000,충청북도 괴산군
충청북도,괴산군,규격봉투,매립용,생활쓰레기,기타,0,0,0,0,0,0,140,280,0,660,0,0,1320,0,0,충청북도 괴산군청 환경과,043-830-3648,2023-07-11,4460000,충청북도 괴산군
서울특별시,구로구,재사용규격봉투,소각용,생활쓰레기,가정용,0,0,0,0,0,0,250,490,0,0,0,0,0,0,0,청소행정과,02-860-2904,2023-10-16,3160000,서울특별시 구로구
서울특별시,구로구,특수규격마대,매립용,생활쓰레기,가정용,0,0,0,0,0,0,0,2040,0,0,0,0,0,0,0,청소행정과,02-860-2904,2023-10-16,3160000,서울특별시 구로구
충청북도,제천시,규격봉투,매립용,음식물쓰레기,가정용,40,0,0,0,70,100,200,0,0,0,0,0,0,0,0,자원순환과,043-641-6422,2023-10-17,4400000,충청북도 제천시
충청북도,제천시,규격봉투,소각용,생활쓰레기,가정용,0,0,0,0,0,100,200,300,0,700,0,1050,0,0,0,자원순환과,043-641-6422,2023-10-17,4400000,충청북도 제천시
경상남도,함안군,재사용규격봉투,소각용,생활쓰레기,가정용,0,0,0,0,0,0,200,400,0,0,0,0,0,0,0,환경과,055-580-2414,2023-11-08,5400000,경상남도 함안군
부산광역시,사하구,특수규격마대,매립용,생활쓰레기,가정용,0,0,0,0,0,0,0,0,3000,0,0,0,0,0,0,자원순환과,051-220-4435,2024-04-19,3340000,부산광역시 사하구
부산광역시,사하구,규격봉투,소각용,생활쓰레기,사업장용,0,0,0,0,0,0,0,0,1280,2070,0,0,0,0,0,자원순환과,051-220-4446,2024-04-19,3340000,부산광역시 사하구
부산광역시,사하구,특수규격마대,매립용,생활쓰레기,가정용,0,0,0,0,0,0,0,0,1280,0,0,0,0,0,0,자원순환과,051-220-4435,2024-04-19,3340000,부산광역시 사하구
전북특별자치도,익산시,규격봉투,소각용,생활쓰레기,가정용,0,0,0,0,80,140,270,540,810,1350,0,2000,0,0,0,청소자원과,063-859-5477,2024-06-21,4681000,전북특별자치도 익산시
강원특별자치도,속초시,규격봉투,소각용,음식물쓰레기,가정용/사업용,60,0,0,0,90,110,230,440,0,0,0,0,0,0,0,친환경정책과,033-639-2337,2024-06-10,4231000,강원특별자치도 속초시
강원특별자치도,속초시,규격봉투,소각용,생활쓰레기,가정용/사업용,0,0,0,0,0,110,230,440,610,1050,0,1550,0,0,0,친환경정책과,033-639-2337,2024-06-10,4231000,강원특별자치도 속초시
전라남도,보성군,규격봉투,소각용,생활쓰레기,가정용,0,0,0,0,0,90,140,260,0,640,0,950,0,0,0,기후환경과,061-850-5344,2024-08-22,4890000,전라남도 보성군
경상북도,경주시,규격봉투,소각용,생활쓰레기,가정용,0,0,0,0,0,90,180,350,520,850,0,1340,0,0,0,경상북도 경주시청 자원순환과,054-779-6697,2024-08-22,5050000,경상북도 경주시
경상북도,경주시,재사용규격봉투,소각용,생활쓰레기,가정용,0,0,0,0,0,0,180,350,520,0,0,0,0,0,0,경상북도 경주시청 자원순환과,054-779-6697,2024-08-22,5050000,경상북도 경주시
경상북도,경주시,특수규격마대,매립용,생활쓰레기,가정용,0,0,0,0,0,0,500,0,0,0,0,0,0,0,0,경상북도 경주시청 자원순환과,054-779-6697,2024-08-22,5050000,경상북도 경주시
전라남도,완도군,재사용규격봉투,소각용,생활쓰레기,기타,0,0,0,0,50,80,160,290,0,720,0,1220,0,0,0,환경수질관리과,061-550-5787,2024-08-14,4990000,전라남도 완도군
전라남도,완도군,재사용규격봉투,소각용,음식물쓰레기,기타,0,0,0,0,0,110,220,0,0,0,0,0,0,0,0,환경수질관리과,061-550-5788,2024-08-14,4990000,전라남도 완도군
전북특별자치도,무주군,규격봉투,매립용,생활쓰레기,가정용,0,0,0,0,70,110,220,440,0,1100,0,1970,0,0,0,환경과,063-320-2456,2024-08-21,4741000,전북특별자치도 무주군
전라남도,진도군,규격봉투,소각용,생활쓰레기,가정용,0,0,0,0,0,70,140,260,390,650,0,0,0,0,0,환경수질과,061-540-3724,2024-08-19,5000000,전라남도 진도군
경상남도,사천시,규격봉투,매립용,음식물쓰레기,가정용,0,0,0,0,0,130,250,500,0,1200,0,0,0,0,0,환경사업소,055-831-5610,2024-08-15,5340000,경상남도 사천시
경상남도,사천시,규격봉투,매립용,생활쓰레기,가정용,0,0,0,0,80,130,250,500,0,0,0,0,0,0,0,환경사업소,055-831-5610,2024-08-15,5340000,경상남도 사천시
경상남도,사천시,규격봉투,매립용,생활쓰레기,가정용,0,0,0,0,0,0,0,0,0,1440,0,0,0,0,0,환경사업소,055-831-5610,2024-08-15,5340000,경상남도 사천시
전라남도,함평군,규격봉투,소각용,생활쓰레기,가정용,0,0,0,0,40,65,120,220,0,530,0,780,1020,0,0,환경관리과,061-320-1834,2024-08-15,4960000,전라남도 함평군
서울특별시,은평구,규격봉투,소각용,생활쓰레기,가정용,0,0,0,0,0,130,250,490,0,1250,0,1880,2500,0,0,자원순환과,02-351-7563,2021-04-20,3110000,서울특별시 은평구
울산광역시,중구,재사용규격봉투,소각용,생활쓰레기,가정용,0,0,0,0,0,160,310,600,0,0,0,0,0,0,0,경영사업팀,052-290-7657,2020-07-07,B553013,울산광역시중구도시관리공단
충청북도,괴산군,재사용규격봉투,소각용,생활쓰레기,사업장용,0,0,0,0,0,0,140,280,0,0,0,0,0,0,0,충청북도 괴산군청 환경과,043-830-3648,2023-07-11,4460000,충청북도 괴산군
충청북도,괴산군,규격봉투,소각용,음식물쓰레기,기타,0,0,0,0,50,80,140,0,0,0,849,0,0,1680,0,충청북도 괴산군청 환경과,043-830-3648,2023-07-11,4460000,충청북도 괴산군
충청북도,괴산군,규격봉투,소각용,생활쓰레기,기타,0,0,0,0,0,0,0,0,0,0,0,0,0,0,0,충청북도 괴산군청 환경과,043-830-3648,2023-07-11,4460000,충청북도 괴산군
울산광역시,중구,규격봉투,소각용,생활쓰레기,가정용,0,0,0,0,0,160,310,600,0,1490,0,2220,0,0,0,환경미화과,052-290-3760,2023-09-17,3690000,울산광역시 중구
광주광역시,북구,규격봉투,매립용,생활쓰레기,가정용,0,0,0,0,0,200,380,740,1110,1830,0,2730,0,0,0,청소행정과,062-410-6512,2023-09-14,3620000,광주광역시 북구
경상남도,의령군,규격봉투,소각용,생활쓰레기,가정용,0,0,0,0,0,0,200,400,0,1000,0,1500,0,0,0,환경과,055-570-2653,2023-09-14,5390000,경상남도 의령군
경상남도,의령군,규격봉투,매립용,음식물쓰레기,가정용,0,0,0,0,60,100,200,400,0,0,0,0,0,0,0,환경과,055-570-2653,2023-09-14,5390000,경상남도 의령군
경상남도,의령군,재사용규격봉투,소각용,생활쓰레기,가정용,0,0,0,0,0,0,200,400,0,0,0,0,0,0,0,환경과,055-570-2623,2023-09-14,5390000,경상남도 의령군
강원특별자치도,동해시,규격봉투,매립용,생활쓰레기,가정용,0,0,0,0,0,150,290,560,0,1350,0,0,2700,0,0,환경과,033-530-2151,2023-09-06,4211000,강원특별자치도 동해시
전북특별자치도,진안군,규격봉투+재사용규격봉투,매립용,생활쓰레기,가정용,0,0,0,0,0,0,100,200,0,500,0,0,0,0,0,환경과,063-430-2336,2024-01-22,4731000,전북특별자치도 진안군
전라남도,나주시,규격봉투,매립용,생활쓰레기,가정용,0,0,0,0,0,80,130,250,360,570,0,900,0,0,0,도시미화과,061-339-8943,2024-01-30,4830000,전라남도 나주시
전북특별자치도,부안군,규격봉투,매립용,생활쓰레기,가정용,0,0,0,0,110,200,350,700,1000,1600,0,0,0,0,0,전북특별자치도 부안군청,063-580-4357,2024-01-22,4791000,전북특별자치도 부안군
전북특별자치도,부안군,규격봉투,매립용,생활쓰레기,사업장용,0,0,0,0,110,200,350,700,1000,1600,0,0,0,0,0,전북특별자치도 부안군청,063-580-4357,2024-01-22,4791000,전북특별자치도 부안군
전북특별자치도,부안군,규격봉투,매립용,생활쓰레기,기타,0,0,0,0,110,200,350,700,1000,1600,0,0,0,0,0,전북특별자치도 부안군청,063-580-4357,2024-01-22,4791000,전북특별자치도 부안군
전북특별자치도,부안군,재사용규격봉투,매립용,생활쓰레기,가정용,0,0,0,0,0,0,0,700,0,0,0,0,0,0,0,전북특별자치도 부안군청,063-580-4357,2024-01-22,4791000,전북특별자치도 부안군
전북특별자치도,부안군,재사용규격봉투,매립용,생활쓰레기,사업장용,0,0,0,0,0,0,0,700,0,0,0,0,0,0,0,전북특별자치도 부안군청,063-580-4357,2024-01-22,4791000,전북특별자치도 부안군
부산광역시,수영구,재사용규격봉투,소각용,생활쓰레기,가정용,0,0,0,0,0,220,430,850,0,0,0,0,0,0,0,자원순환과,051-610-4437,2023-08-27,3380000,부산광역시 수영구
부산광역시,수영구,특수규격마대,매립용,생활쓰레기,가정용,0,0,0,0,0,0,430,850,1280,0,0,0,0,0,0,자원순환과,051-610-4437,2023-08-27,3380000,부산광역시 수영구
부산광역시,수영구,특수규격마대,매립용,생활쓰레기,가정용,0,0,0,0,0,0,0,2400,3600,0,0,0,0,0,0,자원순환과,051-610-4437,2023-08-27,3380000,부산광역시 수영구
부산광역시,수영구,규격봉투,소각용,생활쓰레기,사업장용,0,0,0,0,0,0,0,0,0,2270,0,3380,0,0,0,자원순환과,051-610-4437,2023-08-27,3380000,부산광역시 수영구
전라남도,강진군,규격봉투,소각용,생활쓰레기,가정용,0,0,0,0,0,90,160,290,0,700,0,0,0,0,0,환경축산과,061-430-3967,2023-08-11,4920000,전라남도 강진군
전라남도,강진군,재사용규격봉투,소각용,생활쓰레기,가정용,0,0,0,0,0,0,160,290,0,0,0,0,0,0,0,환경축산과,061-430-3967,2023-08-11,4920000,전라남도 강진군
경기도,안산시,규격봉투,소각용,생활쓰레기,가정용,0,0,0,0,90,130,250,500,0,1200,0,0,2400,0,0,자원순환과,031-481-3530,2023-08-23,3930000,경기도 안산시
경기도,안산시,규격봉투,매립용,음식물쓰레기,가정용,40,0,60,0,90,130,250,500,0,1200,0,0,2400,0,0,자원순환과,031-481-3530,2023-08-23,3930000,경기도 안산시
강원특별자치도,양양군,규격봉투,소각용,생활쓰레기,가정용,0,0,0,0,0,90,170,340,500,830,0,1230,0,0,0,환경과,033-670-2184,2023-08-10,4351000,강원특별자치도 양양군
강원특별자치도,양양군,재사용규격봉투,소각용,생활쓰레기,가정용,0,0,0,0,0,0,0,340,0,0,0,0,0,0,0,환경과,033-670-2184,2023-08-10,4351000,강원특별자치도 양양군
강원특별자치도,양양군,규격봉투,기타,음식물쓰레기,가정용,0,0,40,0,60,90,170,340,0,0,0,0,0,0,0,환경과,033-670-2184,2023-08-10,4351000,강원특별자치도 양양군
강원특별자치도,양양군,특수규격마대,매립용,생활쓰레기,가정용,0,0,0,0,0,0,0,340,0,0,0,0,0,0,0,환경과,033-670-2184,2023-08-10,4351000,강원특별자치도 양양군
전북특별자치도,장수군,규격봉투,소각용,생활쓰레기,가정용,0,0,0,0,0,90,180,360,540,900,0,1350,0,0,0,환경과,063-350-2537,2024-08-13,4751000,전북특별자치도 장수군
전북특별자치도,장수군,재사용규격봉투,소각용,음식물쓰레기,가정용,0,0,0,0,70,90,180,360,540,900,0,1350,0,0,0,환경과,063-350-2537,2024-08-13,4751000,전북특별자치도 장수군
전북특별자치도,장수군,규격봉투,소각용,음식물쓰레기,가정용,0,0,0,0,70,90,180,360,540,900,0,1350,0,0,0,환경과,063-350-2537,2024-08-13,4751000,전북특별자치도 장수군
전북특별자치도,장수군,재사용규격봉투,매립용,생활쓰레기,사업장용,0,0,0,0,0,90,180,360,540,900,0,1350,0,0,0,환경과,063-350-2537,2024-08-13,4751000,전북특별자치도 장수군
전북특별자치도,장수군,규격봉투,매립용,생활쓰레기,사업장용,0,0,0,0,0,90,180,360,540,900,0,1350,0,0,0,환경과,063-350-2537,2024-08-13,4751000,전북특별자치도 장수군
전북특별자치도,장수군,재사용규격봉투,소각용,생활쓰레기,사업장용,0,0,0,0,0,90,180,360,540,900,0,1350,0,0,0,환경과,063-350-2537,2024-08-13,4751000,전북특별자치도 장수군
전북특별자치도,장수군,규격봉투,소각용,생활쓰레기,사업장용,0,0,0,0,0,90,180,360,540,900,0,1350,0,0,0,환경과,063-350-2537,2024-08-13,4751000,전북특별자치도 장수군
전북특별자치도,장수군,재사용규격봉투,소각용,음식물쓰레기,사업장용,0,0,0,0,70,90,180,360,540,900,0,1350,0,0,0,환경과,063-350-2537,2024-08-13,4751000,전북특별자치도 장수군
전북특별자치도,장수군,규격봉투,소각용,음식물쓰레기,사업장용,0,0,0,0,70,90,180,360,540,900,0,1350,0,0,0,환경과,063-350-2537,2024-08-13,4751000,전북특별자치도 장수군
전북특별자치도,장수군,재사용규격봉투,매립용,생활쓰레기,기타,0,0,0,0,0,90,180,360,540,900,0,1350,0,0,0,환경과,063-350-2537,2024-08-13,4751000,전북특별자치도 장수군
전북특별자치도,장수군,규격봉투,매립용,생활쓰레기,기타,0,0,0,0,0,90,180,360,540,900,0,1350,0,0,0,환경과,063-350-2537,2024-08-13,4751000,전북특별자치도 장수군
전북특별자치도,장수군,재사용규격봉투,소각용,생활쓰레기,기타,0,0,0,0,0,90,180,360,540,900,0,1350,0,0,0,환경과,063-350-2537,2024-08-13,4751000,전북특별자치도 장수군
전북특별자치도,장수군,규격봉투,소각용,생활쓰레기,기타,0,0,0,0,0,90,180,360,540,900,0,1350,0,0,0,환경과,063-350-2537,2024-08-13,4751000,전북특별자치도 장수군
전북특별자치도,장수군,재사용규격봉투,소각용,음식물쓰레기,기타,0,0,0,0,70,90,180,360,540,900,0,1350,0,0,0,환경과,063-350-2537,2024-08-13,4751000,전북특별자치도 장수군
전북특별자치도,장수군,규격봉투,소각용,음식물쓰레기,기타,0,0,0,0,70,90,180,360,540,900,0,1350,0,0,0,환경과,063-350-2537,2024-08-13,4751000,전북특별자치도 장수군
전라남도,화순군,규격봉투,매립용,생활쓰레기,가정용,0,0,0,0,0,100,190,380,0,920,0,0,0,0,0,환경과,061-379-3604,2024-08-13,4900000,전라남도 화순군
경상남도,진주시,규격봉투,매립용,생활쓰레기,사업장용,0,0,0,0,0,160,300,590,0,1430,0,2140,0,0,0,청소과,055-749-8705,2023-12-21,5310000,경상남도 진주시
경상남도,진주시,규격봉투,매립용,생활쓰레기,기타,0,0,0,0,0,160,300,590,0,1430,0,2140,0,0,0,청소과,055-749-8705,2023-12-21,5310000,경상남도 진주시
경상남도,진주시,특수규격마대,매립용,생활쓰레기,가정용,0,0,0,0,0,0,0,0,0,1810,0,0,0,0,0,청소과,055-749-8705,2023-12-21,5310000,경상남도 진주시
경상남도,진주시,특수규격마대,매립용,생활쓰레기,사업장용,0,0,0,0,0,0,0,0,0,1810,0,0,0,0,0,청소과,055-749-8705,2023-12-21,5310000,경상남도 진주시
경상남도,진주시,특수규격마대,매립용,생활쓰레기,기타,0,0,0,0,0,0,0,0,0,1810,0,0,0,0,0,청소과,055-749-8705,2023-12-21,5310000,경상남도 진주시
경상북도,고령군,규격봉투,소각용,생활쓰레기,가정용,20,0,40,0,50,90,180,360,540,900,0,1350,0,0,0,환경사업소,054-950-7052,2023-12-07,5200000,경상북도 고령군
경상북도,고령군,특수규격마대,매립용,생활쓰레기,가정용,0,0,0,0,0,0,0,900,0,2300,0,0,0,0,0,환경사업소,054-950-7052,2023-12-07,5200000,경상북도 고령군
경상북도,문경시,규격봉투,소각용,생활쓰레기,가정용,0,0,0,0,0,70,140,270,0,650,0,930,1200,0,0,환경보호과,054-550-6192,2023-12-05,5120000,경상북도 문경시
대전광역시,중구,규격봉투,매립용,생활쓰레기,가정용,0,0,0,0,100,170,330,660,0,1650,0,2480,0,0,0,환경과,042-606-7296,2023-11-30,3650000,대전광역시 중구
대전광역시,중구,재사용규격봉투,매립용,생활쓰레기,가정용,0,0,0,0,0,0,330,660,0,0,0,0,0,0,0,환경과,042-606-7296,2023-11-30,3650000,대전광역시 중구
경기도,용인시,규격봉투,소각용,생활쓰레기,가정용,0,0,0,0,0,170,330,660,0,1800,0,2700,0,0,0,자원순환과,031-324-2332,2023-12-01,4050000,경기도 용인시
경기도,용인시,재사용규격봉투,소각용,생활쓰레기,가정용,0,0,0,0,0,170,330,660,0,0,0,0,0,0,0,자원순환과,031-324-2332,2023-12-01,4050000,경기도 용인시
경기도,용인시,규격봉투,소각용,음식물쓰레기,가정용,50,0,0,0,160,270,550,1100,0,0,0,0,0,0,0,자원순환과,031-324-2332,2023-12-01,4050000,경기도 용인시
서울특별시,서대문구,규격봉투,소각용,생활쓰레기,가정용,0,0,0,0,0,130,250,490,0,1250,0,1880,2500,0,0,청소행정과,02-330-1507,2022-10-31,3120000,서울특별시 서대문구
서울특별시,서대문구,재사용규격봉투,소각용,생활쓰레기,가정용,0,0,0,0,0,0,250,490,0,0,0,0,0,0,0,청소행정과,02-330-1507,2022-10-31,3120000,서울특별시 서대문구
서울특별시,서대문구,특수규격마대,소각용,생활쓰레기,가정용,0,0,0,0,0,0,0,2040,0,5100,0,0,0,0,0,청소행정과,02-330-1507,2022-10-31,3120000,서울특별시 서대문구
서울특별시,서대문구,규격봉투,소각용,음식물쓰레기,가정용,100,0,200,0,300,500,1000,2000,0,0,0,0,0,0,0,청소행정과,02-330-1507,2022-10-31,3120000,서울특별시 서대문구
충청남도,당진시,규격봉투,매립용,음식물쓰레기,가정용,0,0,0,0,80,130,260,0,0,0,0,0,0,0,0,자원순환과,041-350-4314,2022-12-01,5680000,충청남도 당진시
충청남도,당진시,재사용규격봉투,매립용,생활쓰레기,가정용,0,0,0,0,0,0,260,510,0,0,0,0,0,0,0,자원순환과,041-350-4314,2022-12-01,5680000,충청남도 당진시
충청남도,당진시,특수규격마대,매립용,생활쓰레기,가정용,0,0,0,0,0,0,0,1000,0,0,3000,0,0,0,0,자원순환과,041-350-4314,2022-12-01,5680000,충청남도 당진시
경기도,군포시,규격봉투,소각용,생활쓰레기,사업장용,0,0,0,0,0,0,0,0,0,2820,0,4230,0,0,0,위생자원과,031-390-0353,2023-11-17,4020000,경기도 군포시
경기도,군포시,특수규격마대,매립용,생활쓰레기,가정용,0,0,0,0,0,0,2000,4000,0,0,0,0,0,0,0,위생자원과,031-390-0353,2023-11-17,4020000,경기도 군포시
세종특별자치시,없음,규격봉투,소각용,생활쓰레기,가정용,40,0,60,0,80,130,270,540,820,1440,0,0,0,0,0,자원순환과,044-300-4723,2023-11-14,5690000,세종특별자치시
대전광역시,동구,규격봉투,소각용,생활쓰레기,가정용,0,0,0,0,100,170,330,660,0,1650,0,2480,0,0,0,환경과,042-251-4565,2023-11-07,3640000,대전광역시 동구
대전광역시,동구,규격봉투,매립용,생활쓰레기,가정용,0,0,0,0,0,0,0,0,0,0,0,0,0,0,0,환경과,042-251-4565,2023-11-07,3640000,대전광역시 동구
대전광역시,동구,재사용규격봉투,소각용,생활쓰레기,가정용,0,0,0,0,0,0,330,660,0,0,0,0,0,0,0,환경과,042-251-4565,2023-11-07,3640000,대전광역시 동구
대전광역시,동구,재사용규격봉투,매립용,생활쓰레기,가정용,0,0,0,0,0,0,0,0,0,0,0,0,0,0,0,환경과,042-251-4565,2023-11-07,3640000,대전광역시 동구
대전광역시,동구,특수규격마대,매립용,생활쓰레기,가정용,0,0,0,0,0,0,0,0,0,2630,0,0,0,0,0,환경과,042-251-4565,2023-11-07,3640000,대전광역시 동구
경기도,이천시,규격봉투,소각용,생활쓰레기,가정용,0,0,0,0,0,170,330,640,0,1580,0,2360,0,0,0,자원순환과,031-644-2592,2024-02-01,4070000,경기도 이천시
경기도,이천시,규격봉투,매립용,음식물쓰레기,가정용,50,0,0,0,110,180,350,700,0,1750,0,0,0,0,0,자원순환과,031-644-2592,2024-02-01,4070000,경기도 이천시
서울특별시,광진구,규격봉투,소각용,생활쓰레기,가정용,0,0,0,0,90,130,250,490,0,0,0,0,0,0,0,청소과,02-450-7632,2024-01-24,3040000,서울특별시 광진구
서울특별시,광진구,규격봉투,매립용,생활쓰레기,가정용,0,0,0,0,0,130,250,490,0,0,0,0,0,0,0,청소과,02-450-7632,2024-01-24,3040000,서울특별시 광진구
서울특별시,광진구,규격봉투,소각용,생활쓰레기,사업장용,0,0,0,0,0,0,0,0,0,1330,0,2000,0,0,0,청소과,02-450-7632,2024-01-24,3040000,서울특별시 광진구
서울특별시,광진구,규격봉투,매립용,생활쓰레기,사업장용,0,0,0,0,0,0,0,0,0,1330,0,2000,0,0,0,청소과,02-450-7632,2024-01-24,3040000,서울특별시 광진구
서울특별시,광진구,규격봉투,매립용,음식물쓰레기,가정용,100,0,190,0,300,500,0,0,0,0,0,0,0,0,0,청소과,02-450-7632,2024-01-24,3040000,서울특별시 광진구
서울특별시,광진구,특수규격마대,매립용,생활쓰레기,가정용,0,0,0,0,0,0,1020,2040,0,0,0,0,0,0,0,청소과,02-450-7632,2024-01-24,3040000,서울특별시 광진구
전북특별자치도,전주시,규격봉투,소각용,생활쓰레기,가정용,0,0,0,0,0,120,230,460,0,1140,0,0,0,0,0,청소지원과,063-281-2325,2024-01-17,4641000,전북특별자치도 전주시
전북특별자치도,전주시,규격봉투,소각용,음식물쓰레기,가정용,0,0,0,0,0,0,0,1400,0,0,0,0,0,0,0,청소지원과,063-281-2325,2024-01-17,4641000,전북특별자치도 전주시
전북특별자치도,전주시,규격봉투,매립용,생활쓰레기,가정용,0,0,0,0,0,0,230,0,0,0,0,0,0,0,0,청소지원과,063-281-2325,2024-01-17,4641000,전북특별자치도 전주시
전북특별자치도,전주시,재사용규격봉투,소각용,생활쓰레기,가정용,0,0,0,0,0,0,230,460,0,0,0,0,0,0,0,청소지원과,063-281-2325,2024-01-17,4641000,전북특별자치도 전주시
충청남도,공주시,규격봉투,소각용,생활쓰레기,가정용,0,0,0,0,0,90,170,320,480,790,0,1170,0,0,0,자원순환과,041-840-8654,2022-11-22,4500000,충청남도 공주시
충청남도,당진시,규격봉투,매립용,생활쓰레기,가정용,0,0,0,0,0,130,260,510,760,1260,0,0,0,0,0,자원순환과,041-350-4314,2022-12-01,5680000,충청남도 당진시
강원특별자치도,양구군,규격봉투,소각용,생활쓰레기,가정용,0,0,0,0,0,0,210,400,0,950,0,1470,0,0,0,환경과,033-480-7323,2023-09-06,4321000,강원특별자치도 양구군
강원특별자치도,양구군,규격봉투,매립용,음식물쓰레기,가정용,0,0,50,0,70,120,210,400,0,950,0,0,0,0,0,환경과,033-480-7323,2023-09-06,4321000,강원특별자치도 양구군
강원특별자치도,양구군,특수규격마대,매립용,생활쓰레기,가정용,0,0,0,0,0,0,0,0,0,1250,0,0,0,0,0,환경과,033-480-7323,2023-09-06,4321000,강원특별자치도 양구군
경기도,성남시,규격봉투,소각용,생활쓰레기,가정용,0,0,0,0,0,130,250,500,0,1250,0,1880,0,0,0,자원순환과,031-729-3196,2023-09-07,3780000,경기도 성남시
경기도,성남시,규격봉투,소각용,음식물쓰레기,가정용,20,0,50,0,80,130,250,500,0,0,0,0,0,0,0,자원순환과,031-729-3196,2023-09-07,3780000,경기도 성남시
경기도,성남시,규격봉투,소각용,생활쓰레기,사업장용,0,0,0,0,0,0,0,0,0,2010,0,3000,0,0,0,자원순환과,031-729-3196,2023-09-07,3780000,경기도 성남시
경기도,성남시,재사용규격봉투,소각용,생활쓰레기,가정용,0,0,0,0,0,130,250,500,0,0,0,0,0,0,0,자원순환과,031-729-3196,2023-09-07,3780000,경기도 성남시
경기도,성남시,특수규격마대,매립용,생활쓰레기,가정용,0,0,0,0,0,340,660,1200,0,0,0,0,0,0,0,자원순환과,031-729-3196,2023-09-07,3780000,경기도 성남시
강원특별자치도,정선군,규격봉투,소각용,생활쓰레기,가정용,0,0,0,0,0,0,150,280,430,700,0,1040,0,0,0,환경과,033-560-2336,2023-09-07,4291000,강원특별자치도 정선군
강원특별자치도,정선군,규격봉투,매립용,생활쓰레기,가정용,0,0,0,0,0,0,150,280,430,700,0,0,0,0,0,환경과,033-560-2336,2023-09-07,4291000,강원특별자치도 정선군
강원특별자치도,정선군,규격봉투,기타,생활쓰레기,가정용,0,0,40,0,50,80,150,280,430,700,0,0,0,0,0,환경과,033-560-2336,2023-09-07,4291000,강원특별자치도 정선군
경상북도,포항시,규격봉투,소각용,생활쓰레기,가정용,0,0,0,0,130,220,450,900,0,2250,0,3370,0,0,0,경상북도 포항시청 자원순환과,054-270-3156,2024-08-05,5020000,경상북도 포항시
울산광역시,울주군,규격봉투,소각용,생활쓰레기,가정용,0,0,0,0,0,160,310,600,0,1490,0,2220,0,0,0,자원위생과,052-204-2146,2024-08-01,3730000,울산광역시 울주군
경기도,오산시,규격봉투,소각용,생활쓰레기,가정용,0,0,0,0,100,140,260,480,720,1200,0,2000,0,0,0,청소자원과,031-8036-6714,2024-07-25,4000000,경기도 오산시
경기도,오산시,규격봉투,소각용,음식물쓰레기,가정용,40,0,80,0,130,220,440,880,0,0,0,0,0,0,0,청소자원과,031-8036-6714,2024-07-25,4000000,경기도 오산시
경기도,오산시,재사용규격봉투,소각용,생활쓰레기,가정용,0,0,0,0,0,140,260,480,0,0,0,0,0,0,0,청소자원과,031-8036-6714,2024-07-25,4000000,경기도 오산시
경기도,오산시,특수규격마대,매립용,생활쓰레기,가정용,0,0,0,0,0,0,0,1500,0,2000,0,0,0,0,0,청소자원과,031-8036-6714,2024-07-25,4000000,경기도 오산시
강원특별자치도,삼척시,규격봉투,매립용,생활쓰레기,가정용,0,0,0,0,0,0,0,290,0,0,0,0,0,0,0,환경과,033-570-3338,2024-07-31,4241000,강원특별자치도 삼척시
강원특별자치도,삼척시,규격봉투,매립용,음식물쓰레기,가정용,0,0,0,0,50,80,150,290,0,0,0,0,0,0,0,환경과,033-570-3338,2024-07-31,4241000,강원특별자치도 삼척시
강원특별자치도,삼척시,규격봉투,매립용,생활쓰레기,가정용,0,0,0,0,0,0,150,290,0,710,0,1100,0,0,0,환경과,033-570-3338,2024-07-31,4241000,강원특별자치도 삼척시
경상북도,청송군,규격봉투,소각용,생활쓰레기,가정용,0,0,0,0,30,40,70,140,0,320,0,0,650,0,0,환경관리과,054-870-6185,2024-07-29,5160000,경상북도 청송군
경상북도,청송군,규격봉투,소각용,생활쓰레기,사업장용,0,0,0,0,30,40,70,140,0,320,0,0,650,0,0,환경관리과,054-870-6185,2024-07-29,5160000,경상북도 청송군
경상북도,청송군,규격봉투,소각용,생활쓰레기,가정용,0,0,0,0,50,70,130,250,0,590,0,0,1200,0,0,환경관리과,054-870-6185,2024-07-29,5160000,경상북도 청송군
경상북도,청송군,규격봉투,소각용,생활쓰레기,사업장용,0,0,0,0,50,70,130,250,0,590,0,0,1200,0,0,환경관리과,054-870-6185,2024-07-29,5160000,경상북도 청송군
강원특별자치도,영월군,규격봉투,매립용,음식물쓰레기,가정용,0,0,0,0,70,110,180,350,0,900,0,1350,0,0,0,강원특별자치도 영월군청,033-370-2335,2024-07-29,4271000,강원특별자치도 영월군
강원특별자치도,영월군,규격봉투,소각용,생활쓰레기,가정용,0,0,0,0,70,110,180,350,0,900,0,1350,0,0,0,강원특별자치도 영월군청,033-370-2335,2024-07-29,4271000,강원특별자치도 영월군
충청북도,옥천군,규격봉투,소각용,생활쓰레기,가정용,0,0,0,0,0,80,140,270,400,650,0,1000,1300,0,0,환경과,043-730-3452,2023-06-28,4430000,충청북도 옥천군
전라남도,신안군,규격봉투,소각용,생활쓰레기,가정용,0,0,0,0,0,0,120,220,0,540,0,0,0,0,0,세계유산과,061-240-8447,2023-09-25,5010000,전라남도 신안군
전라남도,신안군,규격봉투,소각용,음식물쓰레기,가정용,0,0,0,0,0,0,120,0,0,0,0,0,0,0,0,세계유산과,061-240-8447,2023-09-25,5010000,전라남도 신안군
강원특별자치도,홍천군,규격봉투,기타,음식물쓰레기,가정용,0,0,45,0,70,120,230,450,0,0,0,0,0,0,0,환경과,033-430-2633,2023-10-05,4251000,강원특별자치도 홍천군
강원특별자치도,홍천군,규격봉투,소각용,음식물쓰레기,가정용,0,0,45,0,70,120,230,450,0,0,0,0,0,0,0,환경과,033-430-2633,2023-10-05,4251000,강원특별자치도 홍천군
강원특별자치도,홍천군,규격봉투,소각용,생활쓰레기,가정용,0,0,0,0,70,120,230,450,0,1110,0,1660,2200,0,0,환경과,033-430-2633,2023-10-05,4251000,강원특별자치도 홍천군
강원특별자치도,홍천군,규격봉투,매립용,생활쓰레기,가정용,0,0,0,0,0,0,0,0,0,1110,0,0,0,0,0,환경과,033-430-2633,2023-10-05,4251000,강원특별자치도 홍천군
강원특별자치도,홍천군,규격봉투,기타,생활쓰레기,가정용,0,0,0,0,0,0,230,450,0,0,0,0,0,0,0,환경과,033-430-2633,2023-10-05,4251000,강원특별자치도 홍천군
경상남도,양산시,규격봉투,소각용,생활쓰레기,가정용,0,0,0,0,140,250,500,950,1500,2350,0,0,4700,0,0,자원순환과,055-392-2643,2023-10-04,5380000,경상남도 양산시
경상남도,양산시,재사용규격봉투,소각용,생활쓰레기,가정용,0,0,0,0,0,0,500,950,0,0,0,0,0,0,0,자원순환과,055-392-2643,2023-10-04,5380000,경상남도 양산시
전라남도,구례군,규격봉투,소각용,생활쓰레기,가정용,0,0,0,0,0,60,110,220,0,540,0,830,0,0,0,전라남도 구례군청,061-780-2978,2024-08-12,4870000,전라남도 구례군
전라남도,구례군,규격봉투,소각용,생활쓰레기,사업장용,0,0,0,0,0,60,110,220,0,540,0,830,0,0,0,전라남도 구례군청,061-780-2978,2024-08-12,4870000,전라남도 구례군
전라남도,구례군,규격봉투,소각용,생활쓰레기,기타,0,0,0,0,0,60,110,220,0,540,0,830,0,0,0,전라남도 구례군청,061-780-2978,2024-08-12,4870000,전라남도 구례군
대구광역시,중구,규격봉투,소각용,생활쓰레기,가정용,0,0,0,0,120,180,340,670,1080,1660,0,2470,0,0,0,환경과,053-661-2716,2024-08-09,3410000,대구광역시 중구
경상북도,청도군,재사용규격봉투,소각용,생활쓰레기,가정용,0,0,0,0,0,80,150,290,430,710,0,1060,1400,0,0,환경산림과,054-370-2186,2024-08-12,5190000,경상북도 청도군
경상북도,영덕군,규격봉투,소각용,생활쓰레기,가정용,0,0,0,0,0,0,130,250,0,600,0,900,0,0,0,환경위생과,054-730-6194,2024-07-31,5180000,경상북도 영덕군
경상북도,영덕군,규격봉투,기타,음식물쓰레기,가정용,0,0,50,0,0,80,130,250,0,0,0,0,0,0,0,환경위생과,054-730-6194,2024-07-31,5180000,경상북도 영덕군
충청남도,부여군,규격봉투,매립용,생활쓰레기,가정용,0,0,0,0,60,100,200,400,0,1000,0,1500,0,0,0,환경과,041-830-2306,2024-07-31,4570000,충청남도 부여군
충청남도,부여군,재사용규격봉투,매립용,생활쓰레기,가정용,0,0,0,0,60,100,200,400,0,0,0,0,0,0,0,환경과,041-830-2306,2024-07-31,4570000,충청남도 부여군
충청남도,부여군,특수규격마대,매립용,생활쓰레기,가정용,0,0,0,0,0,0,0,2000,0,0,0,0,0,0,0,환경과,041-830-2306,2024-07-31,4570000,충청남도 부여군
충청북도,음성군,규격봉투,소각용,음식물쓰레기,가정용,80,0,0,0,130,190,340,640,0,0,0,0,0,0,0,청소위생과,043-871-3822,2024-08-05,4470000,충청북도 음성군
충청북도,음성군,규격봉투,소각용,생활쓰레기,가정용,0,0,0,0,0,190,340,640,0,1580,0,2310,3080,0,0,청소위생과,043-871-3822,2024-08-05,4470000,충청북도 음성군
충청북도,음성군,규격봉투,매립용,생활쓰레기,가정용,0,0,0,0,0,0,0,0,2000,0,0,0,0,0,0,청소위생과,043-871-3822,2024-08-05,4470000,충청북도 음성군
경기도,시흥시,규격봉투,매립용,생활쓰레기,가정용,0,0,0,0,110,180,350,700,0,1750,0,2630,0,0,0,환경관리부,031-488-6894,2024-09-19,B554066,시흥도시공사
경상북도,상주시,규격봉투,소각용,생활쓰레기,가정용,0,0,0,0,0,100,160,290,0,720,0,1080,0,0,0,경상북도 상주시 환경관리과,054-537-7366,2022-06-15,5110000,경상북도 상주시
충청북도,보은군,규격봉투,매립용,생활쓰레기,가정용,0,0,0,0,0,80,140,270,0,650,0,1000,1300,0,0,환경위생과,043-540-3265,2023-08-03,4420000,충청북도 보은군
경기도,화성시,규격봉투,매립용,생활쓰레기,가정용,0,0,0,0,0,150,300,600,0,1500,0,0,0,0,0,자원순환과,031-5189-6897,2023-10-19,5530000,경기도 화성시
경기도,화성시,재사용규격봉투,소각용,생활쓰레기,가정용,0,0,0,0,0,150,300,600,0,0,0,0,0,0,0,자원순환과,031-5189-6897,2023-10-19,5530000,경기도 화성시
경기도,화성시,규격봉투,소각용,생활쓰레기,사업장용,0,0,0,0,0,0,0,0,0,2530,0,3800,0,0,0,자원순환과,031-5189-6897,2023-10-19,5530000,경기도 화성시
경기도,화성시,특수규격마대,기타,생활쓰레기,가정용,0,0,0,0,0,0,0,2280,0,0,0,0,0,0,0,자원순환과,031-5189-6897,2023-10-19,5530000,경기도 화성시
서울특별시,구로구,규격봉투,소각용,생활쓰레기,가정용,0,0,0,0,0,130,250,490,740,1250,0,1880,0,0,0,청소행정과,02-860-2904,2023-10-16,3160000,서울특별시 구로구
서울특별시,구로구,규격봉투,소각용,음식물쓰레기,가정용,100,0,190,0,300,500,1000,2000,0,0,0,0,0,0,0,청소행정과,02-860-2904,2023-10-16,3160000,서울특별시 구로구
서울특별시,마포구,재사용규격봉투,소각용,생활쓰레기,가정용,0,0,0,0,0,0,250,490,0,0,0,0,0,0,0,깨끗한마포과,02-3153-9226,2024-02-29,3130000,서울특별시 마포구
서울특별시,마포구,규격봉투,매립용,음식물쓰레기,가정용,100,0,190,0,300,500,0,0,0,0,0,0,0,0,0,깨끗한마포과,02-3153-9226,2024-02-29,3130000,서울특별시 마포구
서울특별시,마포구,규격봉투,매립용,음식물쓰레기,사업장용,0,0,0,0,0,0,1400,2800,0,0,0,0,0,0,0,깨끗한마포과,02-3153-9226,2024-02-29,3130000,서울특별시 마포구
인천광역시,미추홀구,규격봉투,소각용,생활쓰레기,가정용,0,0,0,0,0,210,390,750,0,1850,0,2780,0,0,0,청소행정팀,032-880-4353,2024-05-22,3510500,인천광역시 미추홀구
인천광역시,미추홀구,규격봉투,소각용,음식물쓰레기,가정용,60,0,120,0,180,300,600,1200,0,0,0,0,0,0,0,청소행정팀,032-880-4353,2024-05-22,3510500,인천광역시 미추홀구
인천광역시,미추홀구,규격봉투,매립용,생활쓰레기,사업장용,0,0,0,0,0,0,0,0,2110,0,4220,0,0,0,8790,청소행정팀,032-880-4353,2024-05-22,3510500,인천광역시 미추홀구
대구광역시,서구,재사용규격봉투,소각용,생활쓰레기,가정용,0,0,0,0,0,180,340,670,0,0,0,0,0,0,0,생활환경과,053-663-3539,2024-07-17,3430000,대구광역시 서구
대구광역시,서구,규격봉투,소각용,생활쓰레기,가정용,0,0,0,0,120,0,0,0,1080,1660,0,2470,0,0,0,생활환경과,053-663-3539,2024-07-17,3430000,대구광역시 서구
대전광역시,서구,규격봉투,소각용,생활쓰레기,기타,0,0,0,0,100,170,330,660,0,1650,0,2480,0,0,0,자원순환과,042-288-3574,2024-06-24,3660000,대전광역시 서구
서울특별시,성동구,특수규격마대,소각용,생활쓰레기,가정용,0,0,0,0,0,0,1020,2040,0,5100,0,0,0,0,0,청소행정과,02-2286-5528,2024-08-06,3030000,서울특별시 성동구
서울특별시,성동구,특수규격마대,매립용,생활쓰레기,가정용,0,0,0,0,0,0,1020,2040,0,5100,0,0,0,0,0,청소행정과,02-2286-5528,2024-08-06,3030000,서울특별시 성동구
서울특별시,성동구,재사용규격봉투,소각용,생활쓰레기,가정용,0,0,0,0,0,130,250,490,0,0,0,0,0,0,0,청소행정과,02-2286-5528,2024-08-06,3030000,서울특별시 성동구
서울특별시,성동구,재사용규격봉투,매립용,생활쓰레기,가정용,0,0,0,0,0,130,250,490,0,0,0,0,0,0,0,청소행정과,02-2286-5528,2024-08-06,3030000,서울특별시 성동구
부산광역시,강서구,규격봉투,소각용,생활쓰레기,가정용,0,0,0,0,0,150,270,510,780,1240,0,1830,0,0,0,자원순환과,051-970-4434,2024-08-14,3360000,부산광역시 강서구
충청남도,계룡시,재사용규격봉투,소각용,생활쓰레기,사업장용,0,0,0,0,0,0,240,470,0,0,0,0,0,0,0,환경위생과,042-840-2484,2023-07-06,5580000,충청남도 계룡시
강원도,횡성군,규격봉투,소각용,생활쓰레기,가정용,0,0,0,0,0,0,200,400,0,980,0,1500,0,0,0,환경자원사업소,033-340-5935,2023-06-30,4261000,강원특별자치도 횡성군
강원도,횡성군,규격봉투,매립용,생활쓰레기,가정용,0,0,0,0,60,100,200,400,0,980,0,1500,0,0,0,환경자원사업소,033-340-5935,2023-06-30,4261000,강원특별자치도 횡성군
강원도,횡성군,재사용규격봉투,소각용,생활쓰레기,가정용,0,0,0,0,0,0,200,400,0,0,0,0,0,0,0,환경자원사업소,033-340-5935,2023-06-30,4261000,강원특별자치도 횡성군
경기도,시흥시,규격봉투,매립용,음식물쓰레기,가정용,50,0,100,0,150,0,500,1000,1500,0,0,0,0,0,0,환경관리부,031-488-6894,2024-09-19,B554066,시흥도시공사
경기도,시흥시,규격봉투,소각용,생활쓰레기,가정용,0,0,0,0,0,0,520,0,1570,2610,0,3920,0,0,0,환경관리부,031-488-6894,2024-09-19,B554066,시흥도시공사
경기도,시흥시,재사용규격봉투,매립용,생활쓰레기,가정용,0,0,0,0,110,180,350,700,0,0,0,0,0,0,0,환경관리부,031-488-6894,2024-09-19,B554066,시흥도시공사
경기도,시흥시,특수규격마대,매립용,생활쓰레기,가정용,0,0,0,0,0,0,0,1500,0,0,0,0,0,0,0,환경관리부,031-488-6894,2024-09-19,B554066,시흥도시공사
경기도,시흥시,특수규격마대,매립용,생활쓰레기,가정용,0,0,0,0,0,0,0,0,0,3200,0,0,0,0,0,환경관리부,031-488-6894,2024-09-19,B554066,시흥도시공사
부산광역시,서구,규격봉투,매립용,생활쓰레기,가정용,0,0,0,0,140,220,430,850,1280,2070,0,3080,0,0,0,청소행정과,051-240-4436,2024-08-08,3260000,부산광역시 서구
서울특별시,종로구,규격봉투,소각용,생활쓰레기,가정용,0,0,0,0,0,130,250,490,0,1250,0,1880,0,0,0,청소행정과,02-2148-2366,2024-08-01,3000000,서울특별시 종로구
서울특별시,종로구,규격봉투,소각용,음식물쓰레기,가정용,100,0,190,0,300,500,0,0,0,0,0,0,0,0,0,청소행정과,02-2148-2366,2024-08-01,3000000,서울특별시 종로구
서울특별시,종로구,특수규격마대,매립용,생활쓰레기,기타,0,0,0,0,0,0,0,2040,0,0,0,0,0,0,0,청소행정과,02-2148-2366,2024-08-01,3000000,서울특별시 종로구
경상북도,영주시,규격봉투,소각용,생활쓰레기,가정용,0,0,0,0,0,0,0,0,0,960,0,1470,0,0,0,환경보호과,054-639-6775,2024-08-08,5090000,경상북도 영주시
경상북도,영주시,재사용규격봉투,소각용,생활쓰레기,가정용,0,0,0,0,0,120,210,390,0,0,0,0,0,0,0,환경보호과,054-639-6775,2024-08-08,5090000,경상북도 영주시
경상북도,영주시,규격봉투,매립용,생활쓰레기,가정용,0,0,0,0,0,120,210,390,0,0,0,0,0,0,0,환경보호과,054-639-6775,2024-08-08,5090000,경상북도 영주시
경상북도,영주시,규격봉투,기타,음식물쓰레기,가정용,0,0,60,0,90,150,300,600,0,0,0,0,0,0,0,환경보호과,054-639-6775,2024-08-08,5090000,경상북도 영주시
서울특별시,서초구,규격봉투,소각용,생활쓰레기,가정용,0,0,60,0,0,130,250,490,0,1250,0,0,0,0,0,청소행정과,02-2155-6723,2024-08-07,3210000,서울특별시 서초구
서울특별시,서초구,규격봉투,소각용,생활쓰레기,영업용,0,0,0,0,0,0,0,520,0,1330,0,2000,0,0,0,청소행정과,02-2155-6723,2024-08-07,3210000,서울특별시 서초구
서울특별시,서초구,규격봉투,기타,음식물쓰레기,가정용,100,0,200,0,300,500,1000,2000,0,0,0,0,0,0,0,청소행정과,02-2155-6723,2024-08-07,3210000,서울특별시 서초구
서울특별시,서초구,재사용규격봉투,소각용,생활쓰레기,가정용,0,0,0,0,0,0,250,490,0,0,0,0,0,0,0,청소행정과,02-2155-6723,2024-08-07,3210000,서울특별시 서초구
서울특별시,서초구,특수규격마대,매립용,생활쓰레기,기타,0,0,0,0,0,0,0,2040,0,5100,0,0,0,0,0,청소행정과,02-2155-6723,2024-08-07,3210000,서울특별시 서초구
경상북도,경산시,재사용규격봉투,소각용,생활쓰레기,가정용,0,0,0,0,0,120,220,430,0,1050,0,1520,0,0,0,자원순환과,053-810-6056,2024-08-01,5130000,경상북도 경산시
대구광역시,남구,규격봉투,매립용,생활쓰레기,가정용,0,0,0,0,120,180,0,0,1080,1660,0,2470,0,0,0,녹색환경과,053-664-2715,2024-08-05,3440000,대구광역시 남구
대구광역시,남구,재사용규격봉투,매립용,생활쓰레기,가정용,0,0,0,0,0,0,340,670,0,0,0,0,0,0,0,녹색환경과,053-664-2715,2024-08-05,3440000,대구광역시 남구
서울특별시,용산구,규격봉투,기타,생활쓰레기,가정용,0,0,0,0,90,130,250,490,740,1250,0,1880,2500,0,0,자원순환과,02-2199-7298,2022-11-22,3020000,서울특별시 용산구
서울특별시,용산구,규격봉투,기타,음식물쓰레기,가정용,100,0,190,0,300,500,1000,0,0,0,0,0,0,0,0,자원순환과,02-2199-7298,2022-11-22,3020000,서울특별시 용산구
서울특별시,용산구,특수규격마대,기타,생활쓰레기,가정용,0,0,0,0,0,0,0,2040,0,5100,0,0,0,0,0,자원순환과,02-2199-7298,2022-11-22,3020000,서울특별시 용산구
서울특별시,용산구,재사용규격봉투,기타,생활쓰레기,가정용,0,0,0,0,0,0,250,490,0,0,0,0,0,0,0,자원순환과,02-2199-7298,2022-11-22,3020000,서울특별시 용산구
서울특별시,용산구,규격봉투,기타,생활쓰레기,사업장용,0,0,0,0,0,0,0,0,0,2000,0,3000,4000,0,0,자원순환과,02-2199-7298,2022-11-22,3020000,서울특별시 용산구
강원특별자치도,춘천시,규격봉투,매립용,음식물쓰레기,가정용,40,0,50,0,80,140,230,470,0,0,0,0,0,0,0,자원순환과,033-250-3127,2023-09-01,4181000,강원특별자치도 춘천시
강원특별자치도,춘천시,재사용규격봉투,소각용,생활쓰레기,가정용,0,0,0,0,0,0,230,470,0,0,0,0,0,0,0,자원순환과,033-250-3127,2023-09-01,4181000,강원특별자치도 춘천시
경기도,광주시,규격봉투,소각용+매립용,생활쓰레기,가정용,0,0,0,0,0,140,280,560,840,1400,0,2100,0,0,0,자원순환과,031-760-4688,2023-11-22,5540000,경기도 광주시
경기도,광주시,규격봉투,기타,음식물쓰레기,가정용,0,40,0,0,80,140,280,560,0,0,0,0,0,0,0,자원순환과,031-760-4688,2023-11-22,5540000,경기도 광주시
경기도,광주시,재사용규격봉투,소각용+매립용,생활쓰레기,가정용,0,0,0,0,0,0,280,560,0,0,0,0,0,0,0,자원순환과,031-760-4688,2023-11-22,5540000,경기도 광주시
경기도,광주시,특수규격마대,매립용,생활쓰레기,가정용,0,0,0,0,0,0,0,1600,0,4000,0,0,0,0,0,자원순환과,031-760-4688,2023-11-22,5540000,경기도 광주시
부산광역시,금정구,규격봉투,소각용,생활쓰레기,가정용,0,0,0,0,0,220,430,850,1280,2070,0,3080,0,0,0,자원순환과,051-519-4434,2023-11-21,3350000,부산광역시 금정구
부산광역시,금정구,규격봉투,매립용,생활쓰레기,가정용,0,0,0,0,0,220,430,850,1280,2070,0,3080,0,0,0,자원순환과,051-519-4434,2023-11-21,3350000,부산광역시 금정구
부산광역시,금정구,재사용규격봉투,소각용,생활쓰레기,가정용,0,0,0,0,0,0,430,850,0,0,0,0,0,0,0,자원순환과,051-519-4434,2023-11-21,3350000,부산광역시 금정구
부산광역시,금정구,재사용규격봉투,매립용,생활쓰레기,가정용,0,0,0,0,0,0,430,850,0,0,0,0,0,0,0,자원순환과,051-519-4434,2023-11-21,3350000,부산광역시 금정구
경상남도,산청군,규격봉투,매립용,생활쓰레기,가정용,0,0,0,0,80,120,230,450,0,1130,0,1690,0,0,0,환경위생과,055-970-7163,2023-11-21,5450000,경상남도 산청군
경상남도,산청군,규격봉투,소각용,생활쓰레기,가정용,0,0,0,0,80,120,230,450,0,1130,0,1690,0,0,0,환경위생과,055-970-7163,2023-11-21,5450000,경상남도 산청군
경상남도,산청군,특수규격마대,매립용,생활쓰레기,가정용,0,0,0,0,0,0,0,600,0,1500,0,0,0,0,0,환경위생과,055-970-7163,2023-11-21,5450000,경상남도 산청군
경상남도,산청군,특수규격마대,소각용,생활쓰레기,가정용,0,0,0,0,0,0,0,600,0,1500,0,0,0,0,0,환경위생과,055-970-7163,2023-11-21,5450000,경상남도 산청군
경기도,군포시,규격봉투,소각용,생활쓰레기,가정용,40,0,0,0,110,200,380,760,0,1880,0,2820,0,0,0,위생자원과,031-390-0353,2023-11-17,4020000,경기도 군포시
경기도,군포시,재사용규격봉투,소각용,생활쓰레기,가정용,0,0,0,0,0,200,380,760,0,0,0,0,0,0,0,위생자원과,031-390-0353,2023-11-17,4020000,경기도 군포시
경기도,군포시,규격봉투,소각용,음식물쓰레기,가정용,50,0,100,0,0,250,800,1600,0,0,0,0,0,0,0,위생자원과,031-390-0353,2023-11-17,4020000,경기도 군포시
경상남도,함안군,규격봉투,소각용,생활쓰레기,가정용,0,0,0,0,0,0,0,0,0,1000,0,1500,0,0,0,환경과,055-580-2414,2023-11-08,5400000,경상남도 함안군
경상남도,거창군,재사용규격봉투,소각용,생활쓰레기,가정용,0,0,0,0,0,0,200,400,0,0,0,0,0,0,0,환경과,055-940-3500,2024-06-26,5470000,경상남도 거창군
경상남도,거창군,특수규격마대,소각용,생활쓰레기,가정용,0,0,0,0,0,0,0,0,0,1060,0,0,0,0,0,환경과,055-940-3500,2024-06-26,5470000,경상남도 거창군
경기도,안성시,규격봉투,소각용,생활쓰레기,가정용,0,0,0,0,0,170,330,660,0,1650,0,2500,0,0,0,자원순환과,031-678-2653,2024-06-27,4080000,경기도 안성시
경기도,안성시,규격봉투,매립용,생활쓰레기,가정용,0,0,60,0,0,170,330,660,0,1650,0,0,0,0,0,자원순환과,031-678-2653,2024-06-27,4080000,경기도 안성시
경기도,안성시,규격봉투,기타,음식물쓰레기,가정용,40,0,60,0,110,170,330,660,0,0,0,0,0,0,0,자원순환과,031-678-2653,2024-06-27,4080000,경기도 안성시
경기도,안성시,재사용규격봉투,기타,생활쓰레기,가정용,0,0,0,0,0,0,330,660,0,0,0,0,0,0,0,자원순환과,031-678-2653,2024-06-27,4080000,경기도 안성시
충청남도,태안군,규격봉투,소각용,생활쓰레기,가정용,0,0,50,0,75,100,180,350,480,830,0,1180,0,0,0,충청남도 태안군 환경산림과,041-670-2795,2024-07-03,4620000,충청남도 태안군
경상남도,양산시,특수규격마대,매립용,생활쓰레기,가정용,0,0,0,0,0,0,0,0,1830,0,0,0,0,0,0,자원순환과,055-392-2643,2023-10-04,5380000,경상남도 양산시
경상남도,양산시,특수규격마대,소각용,생활쓰레기,가정용,0,0,0,0,0,0,0,0,0,2750,0,0,0,0,0,자원순환과,055-392-2643,2023-10-04,5380000,경상남도 양산시
부산광역시,기장군,규격봉투,소각용,생활쓰레기,가정용,0,0,0,0,0,150,300,590,0,1470,0,2200,0,0,0,청소자원과,051-709-4432,2023-11-29,3400000,부산광역시 기장군
전라남도,장성군,규격봉투,소각용,생활쓰레기,가정용,0,0,0,0,50,70,140,280,420,700,0,1040,0,0,0,환경과,061-390-7335,2023-11-28,4980000,전라남도 장성군
충청남도,금산군,규격봉투,매립용,생활쓰레기,가정용,0,0,0,0,0,60,110,210,0,500,0,750,1000,0,0,환경자원과,041-750-2535,2023-11-27,4550000,충청남도 금산군
인천광역시,부평구,규격봉투,매립용,생활쓰레기,가정용,0,0,0,0,0,210,390,750,0,1850,0,2780,0,0,0,자원순환과 폐기물팀,032-509-6612,2023-11-27,3540000,인천광역시 부평구
인천광역시,부평구,재사용규격봉투,매립용,생활쓰레기,가정용,0,0,0,0,130,0,390,750,0,0,0,0,0,0,0,자원순환과 폐기물팀,032-509-6612,2023-11-27,3540000,인천광역시 부평구
인천광역시,부평구,규격봉투,소각용,생활쓰레기,가정용,0,0,0,0,0,0,0,0,1840,0,3660,0,0,0,7600,자원순환과 폐기물팀,032-509-6612,2023-11-27,3540000,인천광역시 부평구
인천광역시,부평구,특수규격마대,매립용,생활쓰레기,가정용,0,0,0,0,0,0,0,0,0,0,0,0,0,0,0,자원순환과 폐기물팀,032-509-6612,2023-11-27,3540000,인천광역시 부평구
부산광역시,동구,규격봉투,소각용,생활쓰레기,가정용,0,0,0,0,140,220,430,850,1280,2070,0,3080,0,0,0,청소자원과,051-440-4438,2023-11-23,3270000,부산광역시 동구
부산광역시,동구,특수규격마대,매립용,생활쓰레기,가정용,0,0,0,0,0,0,0,0,0,3470,0,0,0,0,0,청소자원과,051-440-4438,2023-11-23,3270000,부산광역시 동구
부산광역시,동구,재사용규격봉투,소각용,생활쓰레기,가정용,0,0,0,0,0,0,430,850,0,0,0,0,0,0,0,청소자원과,051-440-4438,2023-11-23,3270000,부산광역시 동구
부산광역시,동구,규격봉투,소각용,생활쓰레기,사업장용,0,0,0,0,0,0,0,0,0,2270,0,3530,0,0,0,청소자원과,051-440-4438,2023-11-23,3270000,부산광역시 동구
부산광역시,연제구,규격봉투,소각용,생활쓰레기,가정용,0,0,0,0,130,200,390,770,1150,1860,0,2770,3680,0,0,자원순환과,051-665-4436,2023-11-23,3370000,부산광역시 연제구
인천광역시,연수구,규격봉투,소각용,음식물쓰레기,가정용,60,0,120,0,180,300,600,1450,0,0,0,0,0,0,0,연수구시설안전관리공단,032-830-8055,2024-07-30,B553866,인천광역시연수구시설안전관리공단
대전광역시,대덕구,규격봉투,소각용,생활쓰레기,가정용,0,0,0,0,0,170,330,660,0,1650,0,2480,0,0,0,자원순환과,042-608-6833,2024-06-30,3680000,대전광역시 대덕구
대전광역시,대덕구,재사용규격봉투,소각용,생활쓰레기,가정용,0,0,0,0,0,0,330,660,0,0,0,0,0,0,0,자원순환과,042-608-6833,2024-06-30,3680000,대전광역시 대덕구
대전광역시,대덕구,특수규격마대,매립용,생활쓰레기,가정용,0,0,0,0,0,0,0,0,0,2630,0,0,0,0,0,자원순환과,042-608-6833,2024-06-30,3680000,대전광역시 대덕구
대전광역시,유성구,규격봉투,소각용,생활쓰레기,가정용,0,0,0,0,100,170,330,660,0,1650,0,2480,0,0,0,청소행정과,042-611-2946,2024-06-10,3670000,대전광역시 유성구
충청북도,충주시,규격봉투,소각용,생활쓰레기,가정용,0,0,0,0,0,140,250,470,0,1150,0,1730,0,0,0,충청북도 충주시청 자원순환과,043-850-6912,2024-05-31,4390000,충청북도 충주시
충청북도,충주시,특수규격마대,매립용,생활쓰레기,가정용,0,0,0,0,0,0,0,2000,0,0,0,0,0,0,0,충청북도 충주시청 자원순환과,043-850-6912,2024-05-31,4390000,충청북도 충주시
충청북도,충주시,규격봉투,소각용,음식물쓰레기,가정용,40,0,80,0,120,200,400,800,0,0,0,0,0,0,0,충청북도 충주시청 자원순환과,043-850-6923,2024-05-31,4390000,충청북도 충주시
경기도,고양시,규격봉투,소각용,생활쓰레기,가정용,0,0,0,0,120,180,360,710,0,1760,0,2640,0,0,0,고양시 자원순환과,031-8075-2685,2024-06-11,3940000,경기도 고양시
경기도,고양시,규격봉투,소각용,음식물쓰레기,가정용,50,0,90,0,120,180,360,710,0,0,0,0,0,0,0,고양시 자원순환과,031-8075-2685,2024-06-11,3940000,경기도 고양시
인천광역시,중구,규격봉투,소각용,생활쓰레기,가정용,0,0,0,0,0,160,310,620,0,1540,0,2300,3060,0,0,환경보호과,032-760-7410,2024-06-13,3490000,인천광역시 중구
인천광역시,중구,규격봉투,매립용,생활쓰레기,가정용,0,0,0,0,0,160,310,620,0,1540,0,2300,3060,0,0,환경보호과,032-760-7410,2024-06-13,3490000,인천광역시 중구
인천광역시,중구,재사용규격봉투,소각용,생활쓰레기,가정용,0,0,0,0,0,0,310,620,0,0,0,0,0,0,0,환경보호과,032-760-7410,2024-06-13,3490000,인천광역시 중구
인천광역시,중구,재사용규격봉투,매립용,생활쓰레기,가정용,0,0,0,0,0,0,310,620,0,0,0,0,0,0,0,환경보호과,032-760-7410,2024-06-13,3490000,인천광역시 중구
인천광역시,중구,규격봉투,소각용,생활쓰레기,가정용,0,0,0,0,0,0,0,0,3220,5290,0,0,10400,0,0,환경보호과,032-760-7410,2024-06-13,3490000,인천광역시 중구
강원특별자치도,평창군,규격봉투,소각용,생활쓰레기,가정용,0,0,0,0,0,0,260,490,0,1180,0,1760,2350,0,0,강원특별자치도 평창군청 환경과,033-330-2106,2023-07-31,4281000,강원특별자치도 평창군
강원특별자치도,평창군,규격봉투,소각용,생활쓰레기,가정용,0,0,0,0,0,0,260,490,0,0,0,0,0,0,0,강원특별자치도 평창군청 환경과,033-330-2106,2023-07-31,4281000,강원특별자치도 평창군
강원특별자치도,평창군,규격봉투,매립용,생활쓰레기,가정용,0,0,0,0,0,800,0,1260,0,0,0,0,0,0,0,강원특별자치도 평창군청 환경과,033-330-2106,2023-07-31,4281000,강원특별자치도 평창군
강원특별자치도,평창군,규격봉투,소각용,음식물쓰레기,가정용,0,0,0,0,70,130,260,490,0,0,0,0,0,0,0,강원특별자치도 평창군청 환경과,033-330-2106,2023-07-31,4281000,강원특별자치도 평창군
전라남도,무안군,규격봉투,매립용,생활쓰레기,가정용,0,0,0,0,0,90,170,320,0,0,0,0,0,0,0,전라남도 무안군청 환경과,061-450-5550,2024-04-18,4950000,전라남도 무안군
울산광역시,남구,재사용규격봉투,소각용,생활쓰레기,가정용,0,0,0,0,0,160,310,600,0,0,0,0,0,0,0,환경관리과,052-226-5775,2024-04-24,3700000,울산광역시 남구
울산광역시,남구,규격봉투,소각용,생활쓰레기,가정용,0,0,0,0,0,0,0,0,0,1490,0,2220,0,0,0,환경관리과,052-226-5775,2024-04-24,3700000,울산광역시 남구
서울특별시,강북구,규격봉투,소각용,생활쓰레기,가정용,0,0,0,0,0,130,250,490,740,1250,0,1880,0,0,0,서울특별시 강북구 청소행정과,02-901-6795,2024-04-20,3080000,서울특별시 강북구
서울특별시,강북구,재사용규격봉투,소각용,생활쓰레기,가정용,0,0,0,0,0,0,250,490,0,0,0,0,0,0,0,서울특별시 강북구 청소행정과,02-901-6795,2024-04-20,3080000,서울특별시 강북구
서울특별시,강북구,규격봉투,매립용,음식물쓰레기,가정용,100,0,200,0,300,500,0,0,0,0,0,0,0,0,0,서울특별시 강북구 청소행정과,02-901-6795,2024-04-20,3080000,서울특별시 강북구
서울특별시,강북구,특수규격마대,매립용,생활쓰레기,기타,0,0,0,0,0,0,1020,2040,0,5100,0,0,0,0,0,서울특별시 강북구 청소행정과,02-901-6795,2024-04-20,3080000,서울특별시 강북구
인천광역시,옹진군,규격봉투,소각용,생활쓰레기,가정용,0,0,0,0,0,210,390,750,0,1850,0,2780,0,0,0,환경녹지과,032-899-2625,2024-04-18,3580000,인천광역시 옹진군
인천광역시,옹진군,규격봉투,매립용,음식물쓰레기,가정용,0,0,0,0,190,300,630,1260,0,0,0,0,0,0,0,환경녹지과,032-899-2625,2024-04-18,3580000,인천광역시 옹진군
인천광역시,연수구,규격봉투,매립용,생활쓰레기,가정용,0,0,0,0,0,210,390,750,0,1850,0,2780,0,0,0,연수구시설안전관리공단,032-830-8055,2024-07-30,B553866,인천광역시연수구시설안전관리공단
인천광역시,연수구,재사용규격봉투,매립용,생활쓰레기,가정용,0,0,0,0,0,0,390,750,0,0,0,0,0,0,0,연수구시설안전관리공단,032-830-8055,2024-07-30,B553866,인천광역시연수구시설안전관리공단
인천광역시,연수구,규격봉투,소각용,생활쓰레기,가정용,0,0,0,0,0,0,0,0,2010,0,3980,0,0,0,0,연수구시설안전관리공단,032-830-8055,2024-07-30,B553866,인천광역시연수구시설안전관리공단
전북특별자치도,임실군,규격봉투,소각용,생활쓰레기,가정용,0,0,0,0,0,90,150,320,0,790,0,0,0,0,0,청소위생과,063-640-2394,2024-08-13,4761000,전북특별자치도 임실군
전북특별자치도,임실군,특수규격마대,매립용,생활쓰레기,사업장용,0,0,0,0,0,0,460,0,0,2300,0,0,0,0,0,청소위생과,063-640-2394,2024-08-13,4761000,전북특별자치도 임실군
전북특별자치도,장수군,재사용규격봉투,매립용,생활쓰레기,가정용,0,0,0,0,0,90,180,360,540,900,0,1350,0,0,0,환경과,063-350-2537,2024-08-13,4751000,전북특별자치도 장수군
서울특별시,금천구,규격봉투,매립용,생활쓰레기,가정용,0,0,0,0,90,130,250,490,740,1250,0,1880,0,0,0,청소행정과,02-2627-1493,2023-08-30,3170000,서울특별시 금천구
서울특별시,금천구,규격봉투,매립용,음식물쓰레기,가정용,100,0,190,0,300,500,1000,0,0,0,0,0,0,0,0,청소행정과,02-2627-1493,2023-08-30,3170000,서울특별시 금천구
서울특별시,금천구,재사용규격봉투,매립용,생활쓰레기,가정용,0,0,0,0,0,0,0,490,0,0,0,0,0,0,0,청소행정과,02-2627-1493,2023-08-30,3170000,서울특별시 금천구
서울특별시,금천구,특수규격마대,매립용,생활쓰레기,가정용,0,0,0,0,0,0,0,0,0,5100,0,0,0,0,0,청소행정과,02-2627-1493,2023-08-30,3170000,서울특별시 금천구
강원특별자치도,고성군,규격봉투,소각용,생활쓰레기,가정용,0,0,0,0,0,140,260,500,0,1220,0,0,2410,0,0,환경과,033-680-3982,2023-08-29,4341000,강원특별자치도 고성군
강원특별자치도,고성군,규격봉투,소각용,음식물쓰레기,가정용,0,0,60,0,80,120,0,0,0,0,0,0,0,0,0,환경과,033-680-3982,2023-08-29,4341000,강원특별자치도 고성군
강원특별자치도,고성군,특수규격마대,매립용,생활쓰레기,가정용,0,0,0,0,0,0,0,0,0,1540,0,0,0,0,0,환경과,033-680-3982,2023-08-29,4341000,강원특별자치도 고성군
경기도,화성시,규격봉투,소각용,생활쓰레기,가정용,0,0,0,0,0,150,300,600,0,1500,0,2250,0,0,0,자원순환과,031-5189-6897,2023-10-19,5530000,경기도 화성시
경기도,화성시,규격봉투,기타,음식물쓰레기,가정용,60,0,0,0,180,290,580,1170,0,0,0,0,0,0,0,자원순환과,031-5189-6897,2023-10-19,5530000,경기도 화성시
서울특별시,성북구,규격봉투,소각용,생활쓰레기,가정용,0,0,0,0,0,130,250,490,740,0,0,0,0,0,0,청소행정과,02-2241-4418,2024-04-17,3070000,서울특별시 성북구
서울특별시,성북구,규격봉투,소각용,생활쓰레기,기타,0,0,0,0,0,0,0,520,780,1330,0,2000,0,0,0,청소행정과,02-2241-4418,2024-04-17,3070000,서울특별시 성북구
서울특별시,성북구,규격봉투,기타,음식물쓰레기,가정용,100,0,190,0,300,500,0,0,0,0,0,0,0,0,0,청소행정과,02-2241-4418,2024-04-17,3070000,서울특별시 성북구
서울특별시,성북구,특수규격마대,매립용,생활쓰레기,기타,0,0,0,0,0,0,1020,2040,3060,0,0,0,0,0,0,청소행정과,02-2241-4418,2024-04-17,3070000,서울특별시 성북구
서울특별시,성북구,재사용규격봉투,소각용,생활쓰레기,가정용,0,0,0,0,0,0,0,490,0,0,0,0,0,0,0,청소행정과,02-2241-4418,2024-04-17,3070000,서울특별시 성북구
부산광역시,사하구,규격봉투,소각용,생활쓰레기,가정용,0,0,0,0,0,220,430,850,1280,2070,0,3080,0,0,0,자원순환과,051-220-4435,2024-04-19,3340000,부산광역시 사하구
부산광역시,사하구,재사용규격봉투,소각용,생활쓰레기,가정용,0,0,0,0,0,0,430,850,0,0,0,0,0,0,0,자원순환과,051-220-4435,2024-04-19,3340000,부산광역시 사하구
경상남도,합천군,규격봉투,매립용,생활쓰레기,가정용,0,0,0,0,0,0,0,430,0,0,0,0,0,0,0,환경위생과,055-930-3304,2024-07-08,5480000,경상남도 합천군
경상남도,합천군,규격봉투,소각용,음식물쓰레기,가정용,0,0,0,0,70,90,170,350,0,0,0,0,0,0,0,환경위생과,055-930-3304,2024-07-08,5480000,경상남도 합천군
충청남도,서천군,규격봉투,매립용,생활쓰레기,가정용,0,0,0,0,60,100,150,300,0,0,0,0,0,0,0,환경보호과,041-950-4335,2024-07-09,4580000,충청남도 서천군
충청남도,서천군,규격봉투,소각용,생활쓰레기,가정용,0,0,0,0,0,0,150,300,450,750,0,1200,0,0,0,환경보호과,041-950-4335,2024-07-09,4580000,충청남도 서천군
충청남도,서천군,규격봉투,기타,생활쓰레기,가정용,30,0,40,0,60,100,150,300,0,0,0,0,0,0,0,환경보호과,041-950-4335,2024-07-09,4580000,충청남도 서천군
경상남도,거제시,규격봉투,소각용,생활쓰레기,기타(영업장용),0,0,0,0,0,0,0,0,1400,2200,0,3400,0,0,0,자원순환과,055-639-4813,2024-07-11,5370000,경상남도 거제시
경상남도,거제시,규격봉투,소각용,생활쓰레기,사업장용,0,0,0,0,0,0,0,0,0,2350,0,3700,0,0,0,자원순환과,055-639-4813,2024-07-11,5370000,경상남도 거제시
경상남도,고성군,규격봉투,소각용,생활쓰레기,가정용,0,0,0,0,0,100,200,400,600,1000,0,0,2000,0,0,환경과,055-670-2413,2024-07-14,5420000,경상남도 고성군
부산광역시,사상구,규격봉투,소각용,생활쓰레기,가정용,0,0,0,0,0,170,340,680,1020,1770,0,2690,0,0,0,청소행정과,051-310-4335,2024-07-15,3390000,부산광역시 사상구
부산광역시,사상구,재사용규격봉투,소각용,생활쓰레기,가정용,0,0,0,0,0,170,340,680,0,0,0,0,0,0,0,청소행정과,051-310-4335,2024-07-15,3390000,부산광역시 사상구
부산광역시,사상구,규격봉투,소각용,생활쓰레기,사업장용,0,0,0,0,0,0,0,0,1460,2370,0,3530,0,0,0,청소행정과,051-310-4335,2024-07-15,3390000,부산광역시 사상구
부산광역시,사상구,규격봉투,매립용,생활쓰레기,기타,0,0,0,0,0,0,0,0,2000,3300,0,0,0,0,0,청소행정과,051-310-4335,2024-07-15,3390000,부산광역시 사상구